type,artist,song_title,popularity,acousticness,danceability,duration_ms,energy,instrumentalness,liveness,loudness,mode,speechiness,tempo,valence
hiphop,Saba,Beautiful Smile,56,0.278,0.889,171013,0.596,0,0.0798,-8.23,0,0.397,97.994,0.899
hiphop,Migos,Freak No More,56,0.0506,0.793,207682,0.455,0,0.115,-7.195,0,0.368,125.921,0.145
hiphop,Ashanti,Baby,55,0.0103,0.669,265707,0.576,0,0.04,-6.475,1,0.184,79.042,0.456
hiphop,Earl Sweatshirt,Grief,54,0.479,0.645,250640,0.589,0.158,0.0924,-6.171,1,0.173,89.971,0.616
hiphop,Saba,HEAVEN ALL AROUND ME,56,0.346,0.678,212840,0.393,0,0.0897,-11.062,1,0.0738,119.997,0.0975
hiphop,French Montana,A Lie,61,0.0235,0.516,226790,0.792,0,0.404,-5.38,0,0.216,121.189,0.524
hiphop,Wiz Khalifa,Goin Hard,56,0.0054,0.879,128575,0.827,0.000244,0.229,-6.435,0,0.119,83.978,0.539
hiphop,Trey Songz,Song Goes Off,61,0.0811,0.678,244280,0.462,0,0.11,-7.842,1,0.0628,129.866,0.121
hiphop,Brandy,Full Moon,58,0.358,0.692,248933,0.656,0.0029,0.0929,-4.81,0,0.151,105.994,0.629
hiphop,Mac Miller,In The Bag,56,0.301,0.717,275507,0.634,0,0.396,-6.887,1,0.409,143.812,0.564
hiphop,Sheck Wes,Kyrie,57,0.0335,0.687,167107,0.701,0,0.0851,-6.054,1,0.244,159.915,0.372
hiphop,NF,Face It,55,0.0278,0.643,219960,0.902,0,0.0986,-5.595,1,0.0456,130.019,0.485
hiphop,Vince Staples,No Bleedin,54,0.0862,0.845,123507,0.808,0,0.424,-5.849,1,0.219,94.058,0.526
hiphop,Tony! Toni! Toné!,Let's Get Down,56,0.0477,0.907,299507,0.66,0,0.196,-4.403,1,0.0956,103.318,0.552
hiphop,LunchMoney Lewis,Bills,62,0.274,0.699,204600,0.747,0,0.486,-3.453,1,0.0964,126.001,0.683
hiphop,G-Eazy,Crash & Burn,60,0.0719,0.558,180360,0.778,0,0.0905,-4.03,0,0.274,88.125,0.294
hiphop,Fetty Wap,D.A.M.,55,0.00752,0.697,225867,0.676,0,0.0898,-3.51,0,0.0395,136.01,0.372
hiphop,GZA,4th Chamber,57,0.032,0.557,276968,0.453,0.000854,0.104,-6.237,1,0.218,179.23,0.0393
hiphop,Beastie Boys,Sure Shot,57,0.388,0.692,199667,0.799,0,0.301,-7.924,1,0.164,97.978,0.549
hiphop,KYLE,Really? Yeah!,56,0.322,0.838,233879,0.569,1.92E-05,0.283,-6.568,1,0.0611,120.017,0.616
hiphop,Logic,Growing Pains III,55,0.474,0.514,246773,0.73,0,0.511,-8.491,0,0.387,167.655,0.699
hiphop,Key Glock,Nono,56,0.0444,0.947,165074,0.437,0,0.164,-6.868,0,0.427,130.979,0.488
hiphop,Mick Jenkins,What Am I To Do,57,0.032,0.699,175610,0.73,0,0.466,-7.336,1,0.394,81.724,0.858
hiphop,Kin$oul,Supra,57,0.0267,0.416,236267,0.396,0.000122,0.104,-13.088,0,0.17,179.336,0.483
hiphop,Shoreline Mafia,Section,55,0.0727,0.933,163800,0.493,1.55E-05,0.139,-9.283,0,0.453,100.042,0.47
hiphop,Cosculluela,Bonnie & Clyde (feat. Natti Natasha),64,0.328,0.452,183000,0.647,0,0.325,-9.133,0,0.45,77.24,0.583
hiphop,Night Lovell,Concept Nothing,61,0.541,0.875,248745,0.519,1.09E-05,0.109,-3.056,1,0.0663,110.018,0.0568
hiphop,Tha Dogg Pound,"New York, New York",59,0.0219,0.827,290440,0.532,2.91E-05,0.127,-4.775,1,0.302,87.257,0.694
hiphop,Ace Hood,Came Wit the Posse,56,0.235,0.953,178056,0.486,6.33E-06,0.121,-7.177,1,0.0859,127.055,0.701
hiphop,Sheck Wes,Mindfucker,58,0.302,0.804,180800,0.282,8.67E-06,0.151,-10.543,1,0.342,151.988,0.0723
hiphop,Logic,The Incredible True Story,54,0.0607,0.418,416693,0.771,0.00604,0.449,-7.188,0,0.0738,97.3,0.405
hiphop,Russ,Don't Lie,56,0.027,0.679,188000,0.638,1.79E-05,0.0909,-3.122,0,0.316,180.36,0.709
hiphop,Travis Porter,Nine Times Ten,56,0.0786,0.902,226319,0.547,0,0.293,-8.05,1,0.125,97.578,0.282
hiphop,Machine Gun Kelly,A Little More,57,0.0804,0.653,237453,0.72,0.00109,0.147,-6.629,1,0.0468,90.019,0.239
hiphop,Kid Cudi,Trapped In My Mind,54,0.5,0.819,214347,0.697,0.000339,0.113,-8.148,1,0.0339,119.005,0.787
hiphop,Earl Sweatshirt,Playing Possum (feat. Cheryl Harris & Keorapetse Kgositsile),55,0.45,0.311,94987,0.735,0.0138,0.688,-6.164,1,0.246,113.484,0.443
hiphop,Scarlxrd,HEAD GXNE,62,0.149,0.81,174545,0.833,0,0.152,-6.556,0,0.405,87.974,0.206
hiphop,Smino,Innamission,57,0.836,0.754,135361,0.518,0,0.461,-8.521,1,0.321,114.18,0.423
hiphop,Hopsin,Nocturnal Rainbows,56,0.168,0.608,306524,0.845,0,0.0712,-5.007,0,0.119,81.997,0.549
hiphop,Eminem,Say Goodbye Hollywood,60,0.0576,0.745,272707,0.675,0,0.0917,-5.109,0,0.183,94.247,0.667
hiphop,Roy Woods,Russian Cream,59,0.0676,0.673,156563,0.514,0.000182,0.0866,-10.078,1,0.287,184.064,0.38
hiphop,Daddy Yankee,Pose,67,0.0407,0.806,217227,0.887,2.03E-05,0.364,-3.51,1,0.0909,117.031,0.443
hiphop,Bow Wow,Outta My System,58,0.0917,0.772,238267,0.59,0,0.101,-6.957,1,0.183,83.998,0.743
hiphop,Rich Brian,Flight,55,0.111,0.77,177463,0.564,0.00306,0.103,-5.615,1,0.0421,97.35,0.348
hiphop,Madvillain,Meat Grinder,54,0.359,0.571,131867,0.717,3.12E-06,0.798,-8.333,1,0.337,87.538,0.879
hiphop,Jason Derulo,Get Ugly,66,0.0462,0.75,200492,0.683,1.32E-06,0.297,-4.829,0,0.12,111.066,0.539
hiphop,Nas,Ether,55,0.0401,0.573,277707,0.831,0,0.0909,-5.586,1,0.433,76.352,0.766
hiphop,Kid Cudi,King Wizard,53,0.0388,0.723,256240,0.61,0.0263,0.108,-7.572,1,0.0921,139.987,0.327
hiphop,Ivan B,Back to You,57,0.673,0.706,248059,0.56,8.57E-06,0.109,-10.261,1,0.172,128.01,0.16
hiphop,XXXTENTACION,Indecision,57,0.0159,0.581,124291,0.755,0.597,0.681,-7.515,1,0.0276,84.972,0.332
hiphop,Fabolous,Throw It In The Bag,57,0.165,0.852,231573,0.559,0,0.0761,-7.441,0,0.0376,86.018,0.673
hiphop,Tee Grizzley,Babies To Men,54,0.312,0.826,182491,0.657,2.22E-06,0.0373,-8.277,1,0.274,99.985,0.334
hiphop,Das EFX,They Want EFX,57,0.115,0.755,221400,0.459,0,0.0851,-12.84,0,0.358,98.454,0.597
hiphop,Hare Squead,100 Miles,54,0.635,0.775,169063,0.612,0,0.126,-7.753,0,0.0464,82.537,0.669
hiphop,Moneybagg Yo,Dice Game,54,0.265,0.823,129149,0.615,0,0.608,-6.833,1,0.313,142.96,0.454
hiphop,Trey Songz,Shootin Shots (feat. Ty Dolla $ign & Tory Lanez),63,0.287,0.536,190084,0.755,0,0.0634,-3.554,1,0.261,84.118,0.737
hiphop,Freeway,What We Do,54,0.00821,0.568,229107,0.893,0,0.308,-4.796,1,0.33,188.84,0.326
hiphop,XXXTENTACION,Maxipads for Everyone,56,0.151,0.753,109187,0.308,0.00864,0.115,-7.969,1,0.0909,121.105,0.0602
hiphop,Gorillaz,Kansas,61,0.0725,0.641,248493,0.792,0.513,0.175,-6.453,1,0.0272,87.069,0.67
hiphop,People Under The Stairs,San Francisco Knights,57,0.0364,0.749,271080,0.839,0,0.134,-9.173,0,0.231,87.587,0.64
hiphop,Trey Songz,Drugz,60,0.194,0.53,310192,0.605,0,0.145,-6.227,0,0.0512,143.047,0.419
hiphop,A Tribe Called Quest,Excursions,56,0.386,0.885,234627,0.608,0.0118,0.319,-10.809,1,0.169,95.748,0.707
hiphop,JAY Z,Dirt Off Your Shoulder / Lying From You,59,0.0104,0.557,244693,0.905,0,0.111,-4.506,1,0.267,160.013,0.799
hiphop,Tyga,Do My Dance,57,0.0036,0.844,214293,0.614,0.00349,0.148,-5.196,1,0.0728,153.959,0.754
hiphop,Big Sean,Blessings - Extended Version,56,0.285,0.751,301960,0.6,0,0.128,-8.11,0,0.395,118.397,0.137
hiphop,Salaam Remi,Come Through And Chill,55,0.135,0.481,278955,0.594,0.0006,0.121,-11.397,1,0.123,176.26,0.515
hiphop,NAV,With Me,56,0.205,0.809,174320,0.776,0,0.113,-4.746,0,0.224,155.037,0.697
hiphop,Ludacris,Act A Fool,62,0.221,0.568,270733,0.904,0,0.22,-2.497,1,0.349,109.331,0.799
hiphop,YBN Cordae,Old niggas,60,0.714,0.802,206811,0.616,0,0.0929,-9.74,1,0.712,91.894,0.606
hiphop,Future,Turn On The Lights,55,0.0409,0.596,248360,0.574,0,0.147,-9.373,0,0.212,131.075,0.439
hiphop,Lil Baby,I’m Straight,57,0.0106,0.736,192031,0.505,0,0.116,-10.06,1,0.295,139.974,0.171
hiphop,Quavo,GIVE IT TO EM (feat. Saweetie),59,0.013,0.879,182440,0.491,0,0.112,-7.459,0,0.339,152.008,0.224
hiphop,Quality Control,Hook Up,56,0.0682,0.882,207390,0.439,0,0.11,-8.663,0,0.129,125.046,0.467
hiphop,Key Glock,Maybach,56,0.0273,0.956,163280,0.551,0,0.147,-5.66,1,0.227,132.054,0.314
hiphop,Denzel Curry,Good Night,56,0.00349,0.771,236106,0.821,6.43E-05,0.108,-3.387,0,0.192,113.971,0.507
hiphop,mysticphonk,Cut Myself,59,0.0193,0.54,71915,0.465,0.289,0.0977,-11.717,0,0.0577,119.965,0.0381
hiphop,Wiz Khalifa,The Race,56,0.872,0.658,335613,0.748,5.59E-06,0.609,-6.323,1,0.201,151.876,0.571
hiphop,Blackalicious,Alphabet Aerobics,57,0.0196,0.65,133800,0.515,0,0.0974,-8.722,0,0.198,97.052,0.885
hiphop,B2K,Uh Huh,61,0.0881,0.855,223293,0.681,3.70E-06,0.0592,-4.955,1,0.0688,99.699,0.908
hiphop,Canesecco,Yeo,56,0.192,0.741,192000,0.826,0,0.0462,-6.328,0,0.0875,99.995,0.653
hiphop,Kin$oul,Members Only Shit,57,0.138,0.877,158067,0.803,9.19E-06,0.558,-6.021,1,0.337,129.965,0.675
hiphop,De La Ghetto,Sensacion Del Bloque,67,0.0977,0.709,182187,0.726,0,0.301,-7.129,1,0.0411,92.006,0.404
hiphop,Lupe Fiasco,WAV Files,55,0.0517,0.573,398202,0.738,7.93E-05,0.12,-5.855,0,0.283,207.852,0.565
hiphop,Aesop Rock,Preservation,55,0.0532,0.699,146533,0.697,0,0.22,-5.325,1,0.11,87.883,0.348
hiphop,Gang Starr,Moment Of Truth,58,0.0157,0.532,247333,0.819,0,0.371,-5.282,0,0.256,90.215,0.594
hiphop,Young Thug,Webbie (feat. Duke),56,0.123,0.696,235893,0.589,0,0.134,-7.033,0,0.295,78.52,0.273
hiphop,Mike WiLL Made-It,Check (with Nas & Rick Ross),59,0.105,0.566,216590,0.693,0,0.103,-5.009,1,0.241,81.637,0.732
hiphop,Aventura,Su Veneno,62,0.401,0.764,240707,0.574,0,0.11,-9.475,0,0.042,123.928,0.931
hiphop,Badshah,Proper Patola,63,0.485,0.77,178605,0.824,0,0.318,-6.491,0,0.0851,172.006,0.49
hiphop,Logic,Intro,54,0.603,0.511,182800,0.413,0,0.219,-10.839,1,0.0725,80.595,0.736
hiphop,Big Sean,Light,55,0.831,0.578,210507,0.608,0,0.108,-5.997,0,0.0507,84.932,0.199
hiphop,Kodak Black,Young Prodigy,56,0.109,0.839,189518,0.613,0,0.168,-5.685,1,0.327,136.081,0.533
hiphop,T.I.,24's,54,0.227,0.739,282907,0.725,0,0.0991,-4.301,1,0.203,162.06,0.582
hiphop,Kid Cudi,Swim In The Light,54,0.608,0.527,269227,0.379,0.383,0.11,-10.715,1,0.0407,165.132,0.116
hiphop,DJ Khaled,I Got the Keys (feat. Jay-Z & Future),56,0.00287,0.686,219759,0.623,0.00145,0.219,-3.425,1,0.13,140.171,0.176
hiphop,Scarface,On My Block,54,0.165,0.834,214533,0.917,0,0.0533,-3.194,1,0.205,82.766,0.601
hiphop,Joyner Lucas,Keep It 100,56,0.408,0.58,417377,0.911,0,0.188,-6.574,1,0.547,170.829,0.528
hiphop,A$AP Mob,Runner,55,0.0977,0.856,199987,0.548,0,0.115,-6.658,1,0.205,130.063,0.312
hiphop,Rage Against The Machine,Bombtrack,64,0.0239,0.459,243453,0.926,1.93E-05,0.183,-3.415,1,0.155,151.534,0.569
hiphop,Russ,Look,55,0.199,0.746,187559,0.544,1.82E-05,0.315,-6.748,0,0.0424,127.99,0.26
hiphop,Rick Ross,So Sophisticated,57,0.023,0.637,247267,0.863,0,0.628,-5.891,1,0.309,153.949,0.516
hiphop,KRS-One,MC's Act Like They Don't Know,61,0.0101,0.855,295933,0.798,0.000615,0.628,-4.018,1,0.237,90.429,0.855
hiphop,Action Bronson,Easy Rider,56,0.0339,0.422,259301,0.851,0,0.152,-4.031,1,0.0398,93.649,0.667
hiphop,Valee,I Got Whatever,56,0.00864,0.939,130893,0.4,0.0347,0.0756,-8.821,1,0.22,139.986,0.342
hiphop,TLC,What About Your Friends,59,0.0267,0.744,293600,0.851,0.00738,0.0989,-10.108,0,0.049,105.882,0.626
hiphop,LL Cool J,Headsprung,55,0.0129,0.574,267320,0.799,2.63E-05,0.0741,-5.734,1,0.0426,199.804,0.463
hiphop,Ying Yang Twins,Say I Yi Yi,54,0.00233,0.782,272507,0.627,1.27E-05,0.201,-6.509,0,0.115,94.967,0.485
hiphop,T.I.,Swagga Like Us (feat. Kanye West & Lil' Wayne),56,0.00163,0.58,327667,0.817,0,0.118,-5.009,1,0.214,89.008,0.238
hiphop,Twista,Slow Jamz (feat. Kanye West & Jamie Foxx),63,0.373,0.561,212147,0.764,0,0.157,-6.645,0,0.138,145.158,0.598
hiphop,Lucidious,Face the Truth,58,0.0384,0.699,216094,0.755,0,0.218,-7.177,0,0.213,128.194,0.204
hiphop,lil aaron,Escalade,56,0.0173,0.648,178890,0.72,0,0.118,-6.843,0,0.0526,120.005,0.421
hiphop,Isaiah Rashad,Ronnie Drake (feat. SZA),55,0.356,0.482,198298,0.779,0,0.173,-4.875,0,0.27,154.335,0.835
hiphop,Ace Hood,Hustle Hard Remix,53,0.00557,0.831,285693,0.74,0,0.302,-3.723,1,0.152,140.041,0.21
hiphop,Jack Harlow,DRIP DROP (feat. Cyhi The Prynce),53,0.127,0.673,203613,0.502,0,0.103,-6.645,1,0.432,99.013,0.349
hiphop,NxWorries,Get Bigger / Do U Luv,54,0.242,0.517,243973,0.774,2.56E-05,0.225,-6.925,0,0.323,77.874,0.817
hiphop,NAV,My Mind,56,0.0448,0.729,161107,0.716,0,0.244,-5.618,0,0.0873,143.063,0.604
hiphop,Flipp Dinero,Play Fair,56,0.118,0.534,226000,0.505,0,0.33,-8.11,1,0.248,120.066,0.06
hiphop,Plies,Ran Off On Da Plug Twice,55,0.059,0.868,153347,0.444,0,0.0727,-7.122,0,0.301,159.973,0.395
hiphop,Felly,Desert Eagle,52,0.194,0.655,237480,0.404,0,0.198,-8.161,0,0.426,113.748,0.442
hiphop,The Game,Wouldn't Get Far,57,0.152,0.439,251040,0.756,0,0.412,-5.341,0,0.289,94.188,0.686
hiphop,Kid Cudi,ILLusions,55,0.334,0.739,256227,0.489,0.00571,0.0943,-6.56,1,0.0335,96.013,0.78
hiphop,Flatbush Zombies,The Glory (feat. Denzel Curry),55,0.254,0.595,349598,0.578,0,0.37,-10.715,1,0.581,81.613,0.368
hiphop,Higher Brothers,Do It Like Me (feat. JID),56,0.00526,0.862,157714,0.647,0,0.112,-5.485,1,0.251,139.851,0.254
hiphop,Joey Bada$$,500 Benz,56,0.186,0.676,201818,0.763,1.92E-06,0.107,-7.604,0,0.198,87.967,0.624
hiphop,Smokepurpp,But I Still Respect Women,57,0.386,0.808,112941,0.543,0,0.118,-8.498,0,0.222,76.495,0.304
hiphop,Mike WiLL Made-It,Aries (YuGo) (feat. Pharrell & Station Wagon P),58,0.0107,0.853,271752,0.635,0,0.325,-3.82,0,0.0405,141.982,0.174
hiphop,Logic,Mos Definitely,55,0.0978,0.604,206293,0.872,0,0.121,-4.01,0,0.288,64.331,0.732
hiphop,2 Chainz,Saturday Night,54,0.452,0.644,271187,0.805,1.00E-05,0.11,-4.513,0,0.0975,115.915,0.461
hiphop,Mac Miller,Cut The Check (feat. Chief Keef),55,0.0596,0.832,170707,0.743,0,0.257,-6.706,1,0.228,100.004,0.522
hiphop,Benny Benni,"Maliante Hp (Remix) [feat. Anuel Aa, Farruko, Almighty, Darkiel, Bryant Myers, Nio Garcia & Noriel]",61,0.294,0.746,371232,0.872,0,0.223,-3.62,1,0.149,86.242,0.889
hiphop,Tory Lanez,48 Floors (feat. Mansa),56,0.725,0.443,223587,0.47,1.06E-06,0.101,-8.587,1,0.101,82.546,0.483
hiphop,BROCKHAMPTON,STUPID,57,0.117,0.773,216715,0.489,0,0.163,-6.025,1,0.141,69.985,0.596
hiphop,Monte Booker,Kolors ft. Smino,56,0.266,0.715,177856,0.396,2.07E-06,0.228,-11.057,0,0.199,129.537,0.64
hiphop,LL Cool J,Around The Way Girl,52,0.00268,0.614,248493,0.445,0.0194,0.335,-17.091,0,0.424,202.191,0.626
hiphop,Dru Hill,These Are The Times,58,0.13,0.717,249507,0.483,0,0.0866,-9.314,0,0.0284,109.961,0.352
hiphop,The Notorious B.I.G.,Ready To Die,57,0.0633,0.724,264547,0.841,3.68E-05,0.487,-5.713,1,0.309,84.991,0.476
hiphop,Gunna,No Joke,57,0.0926,0.873,195097,0.404,2.23E-06,0.104,-9.726,0,0.519,77.52,0.193
hiphop,Wisin,Vacaciones,71,0.246,0.777,238813,0.911,0,0.257,-3.223,0,0.173,96.017,0.704
hiphop,Logic,Never Enough,54,0.0382,0.677,262560,0.865,0,0.228,-4.254,0,0.0604,136.996,0.622
hiphop,Lecrae,Blessings,56,0.00373,0.753,231053,0.609,0,0.347,-4.381,1,0.117,140.304,0.439
hiphop,"Royce Da 5'9""",Cocaine,57,0.131,0.725,213692,0.573,2.17E-06,0.0892,-4.193,1,0.137,86.002,0.205
hiphop,Aminé,STFU2,56,0.463,0.787,104493,0.54,0.000497,0.135,-8.05,1,0.513,80.03,0.636
hiphop,Fetty Wap,Strawberry Kush,54,0.207,0.851,144370,0.592,0,0.117,-6.395,1,0.0752,153.223,0.799
hiphop,Dizzy Wright,Looking Up (feat. Euroz),55,0.05,0.678,207640,0.585,0,0.226,-6.906,0,0.239,88.939,0.339
hiphop,Kevin Gates,Satellites,52,0.0473,0.713,221600,0.886,0,0.168,-3.879,0,0.12,140.032,0.775
hiphop,BROCKHAMPTON,STAINS,57,0.474,0.643,179151,0.662,0,0.237,-7.226,0,0.0993,113.022,0.645
hiphop,Kodak Black,Vibin In This Bih,56,0.0171,0.71,169927,0.579,0,0.105,-5.724,1,0.212,163.992,0.305
hiphop,Ca$h Out,She Twerkin,55,0.000644,0.837,172467,0.762,0,0.113,-4.073,1,0.0508,142.009,0.334
hiphop,Mustard,Lil Baby,56,0.377,0.657,259413,0.474,1.26E-06,0.449,-8.977,1,0.0528,100.036,0.324
hiphop,Ab-Soul,Illuminate (feat. Kendrick Lamar),56,0.384,0.719,306730,0.855,0,0.0696,-5.977,0,0.39,132.83,0.504
hiphop,Public Enemy,He Got Game,53,0.0736,0.825,286200,0.639,0.0224,0.0612,-6.607,1,0.189,97.389,0.866
hiphop,Kid Cudi,Immortal,53,0.147,0.587,301840,0.925,1.04E-05,0.502,-1.982,1,0.155,84.959,0.561
hiphop,Jay Rock,Rotation 112th (feat. Rich The Kid) - Remix,56,0.0847,0.804,297827,0.752,0.000101,0.106,-4.496,0,0.248,87.967,0.358
hiphop,Cozz,Knock Tha Hustle - Remix,54,0.035,0.685,250187,0.872,0,0.228,-5.828,1,0.294,85.85,0.546
hiphop,Moneybagg Yo,Doin’ It,54,0.00789,0.812,168313,0.774,1.68E-05,0.098,-4.222,1,0.137,145.015,0.679
hiphop,Nicky Jam,Live It Up - Official Song 2018 FIFA World Cup Russia,71,0.00573,0.582,207977,0.944,1.27E-06,0.547,-0.928,0,0.185,143.97,0.8
hiphop,Abhi The Nomad,Sex n' Drugs,55,0.299,0.831,217778,0.32,0,0.0757,-7.916,1,0.143,80.935,0.319
hiphop,Desiigner,Liife,60,0.11,0.684,197680,0.612,0,0.331,-6.007,0,0.289,77.495,0.295
hiphop,2Pac,Ghetto Gospel,69,0.0997,0.795,238053,0.615,0,0.0793,-5.498,0,0.0471,80.535,0.673
hiphop,Lil Durk,Treacherous,55,0.0535,0.734,179789,0.533,0,0.094,-7.105,0,0.528,150.742,0.269
hiphop,Gucci Mane,On God,56,0.0458,0.707,126175,0.52,0,0.0967,-7.639,1,0.164,160.019,0.369
hiphop,Mac Miller,Lucky Ass Bitch,55,0.0114,0.728,256251,0.601,0,0.249,-6.472,0,0.251,146,0.22
hiphop,G Herbo,Some Nights,55,0.0978,0.404,198553,0.926,0,0.102,-4.986,0,0.734,85.96,0.211
hiphop,Lil Wayne,Nothing but Trouble - Instagram Models,58,0.0172,0.724,217984,0.691,1.68E-05,0.194,-5.665,0,0.0324,126.002,0.236
hiphop,2 Chainz,OG Kush Diet,54,0.163,0.913,250947,0.632,2.62E-06,0.208,-5.07,1,0.385,139.892,0.344
hiphop,Gorillaz,She's My Collar (feat. Kali Uchis),59,0.00799,0.726,209560,0.815,0.081,0.112,-5.886,1,0.0313,140.158,0.462
hiphop,Wisin & Yandel,Ojalá,66,0.0465,0.703,234227,0.659,0,0.0586,-5.009,0,0.11,167.967,0.776
hiphop,GoldLink,Rough Soul,60,0.0273,0.795,181026,0.529,0.000129,0.0938,-18.345,0,0.0605,117.009,0.419
hiphop,Kid Ink,Do Me Wrong,61,0.144,0.738,190547,0.654,5.61E-05,0.0974,-5.346,0,0.129,154.006,0.621
hiphop,DJ Drama,"Wishing Remix (feat. Chris Brown, Fabolous, Trey Songz, Jhene Aiko & Tory Lanez)",56,0.197,0.563,330387,0.691,0,0.0886,-4.464,0,0.382,108.406,0.567
hiphop,Flatbush Zombies,Leather Symphony (feat. A$AP Twelvyy),55,0.013,0.765,232864,0.497,0,0.139,-9.684,1,0.293,132.016,0.138
hiphop,Jeezy,Me OK,54,0.148,0.766,267493,0.763,0,0.48,-4.882,0,0.209,140.546,0.64
hiphop,Young Dolph,"Go Get Sum Mo (feat. Gucci Mane, 2 Chainz & Ty Dolla $ign)",54,0.535,0.823,306024,0.642,0,0.121,-5.816,1,0.249,119.956,0.41
hiphop,Big Sean,Savage Time (& Metro Boomin),55,0.184,0.508,335333,0.496,0,0.333,-9.514,1,0.348,147.007,0.237
hiphop,Noel Torres,Me Interesas,62,0.712,0.779,176493,0.694,0,0.216,-5.685,1,0.0295,126.079,0.919
hiphop,Brennan Savage,Afterlife,61,0.0608,0.628,162000,0.53,0,0.0642,-9.663,0,0.0855,95.006,0.203
hiphop,Moneybagg Yo,Change Partners,54,0.156,0.729,193903,0.57,0,0.209,-5.44,1,0.277,159.95,0.66
hiphop,Trick Daddy,Sugar (Gimme Some) (feat. Cee-Lo & Ludacris),55,0.144,0.822,245107,0.673,0,0.323,-6.141,0,0.228,120.02,0.85
hiphop,dvsn,Hallucinations,64,0.0681,0.765,246294,0.398,8.48E-06,0.14,-8.993,0,0.037,95.976,0.348
hiphop,Hopsin,Rip Your Heart Out (feat. Tech N9ne),54,0.29,0.669,231493,0.827,0,0.291,-5.937,0,0.319,79.223,0.164
hiphop,City Morgue,SHINNERS13,60,0.0966,0.542,102587,0.908,0,0.134,-2.857,1,0.0575,78.048,0.509
hiphop,Digable Planets,Where I'm From,55,0.188,0.876,275342,0.42,0.00186,0.0668,-18.246,0,0.279,98.304,0.706
hiphop,MED,Burgundy Whip - Instrumental,57,0.0423,0.733,160904,0.525,0.876,0.124,-13.11,0,0.0671,95.099,0.568
hiphop,Bobby Brown,My Prerogative,57,0.0655,0.762,291560,0.625,0,0.252,-10.481,1,0.0562,110.163,0.696
hiphop,DMX,How's It Goin' Down,55,0.462,0.907,244760,0.665,0.00134,0.133,-7.991,1,0.276,90.473,0.816
hiphop,A$AP Rocky,Hell (feat. Santigold),56,0.114,0.669,231787,0.489,0,0.184,-9.13,1,0.137,142.218,0.258
hiphop,BADBADNOTGOOD,Time Moves Slow,55,0.471,0.619,273864,0.381,0.0318,0.101,-10.691,0,0.0523,139.929,0.312
hiphop,Jaden Smith,U,57,0.0958,0.314,285397,0.641,1.23E-06,0.35,-7.036,0,0.0506,142.495,0.0874
hiphop,Yung Pinch,1997,57,0.117,0.762,149371,0.566,0,0.121,-7.186,0,0.279,142.957,0.342
hiphop,A.CHAL,LA DUEÑA (feat. Darell),59,0.134,0.847,222107,0.451,5.21E-06,0.0855,-7.867,0,0.137,139.944,0.667
hiphop,Tech N9ne,B.I.T.C.H. (feat. T-Pain),54,0.00574,0.674,267640,0.621,0,0.641,-9.062,1,0.203,140.011,0.416
hiphop,The Game,Red Nation,59,0.0908,0.39,229480,0.886,0,0.441,-3.234,1,0.351,175.193,0.297
hiphop,ScHoolboy Q,By Any Means,56,0.0204,0.799,214333,0.338,0,0.132,-8.249,1,0.16,129.967,0.0982
hiphop,50 Cent,Ayo Technology,54,0.0943,0.442,247947,0.774,0,0.0329,-5.538,0,0.198,139.775,0.377
hiphop,HoodRich Pablo Juan,Tik Tok (feat. BlocBoy JB),54,0.145,0.865,175639,0.525,0,0.0974,-9.858,1,0.347,140.037,0.557
hiphop,Russ,Back To You,55,0.00571,0.47,207547,0.603,0,0.221,-5.44,0,0.455,65.05,0.27
hiphop,Noname,Don't Forget About Me,57,0.43,0.736,219028,0.468,0.13,0.0885,-6.116,1,0.236,75.599,0.678
hiphop,Smokepurpp,Krispy Kreme,55,0.00401,0.799,155704,0.612,0,0.104,-7.652,0,0.245,77.48,0.68
hiphop,G-Eazy,Guala,59,0.0637,0.837,313987,0.538,0,0.0791,-8.921,1,0.288,109.943,0.318
hiphop,G-Eazy,One Of Them,59,0.00268,0.597,199520,0.724,0,0.111,-7.764,1,0.0487,110.012,0.325
hiphop,Boogie,Nigga Needs,54,0.226,0.608,165307,0.571,0,0.146,-8.368,0,0.423,58.312,0.201
hiphop,Yunggoth✰,Coke (feat. Lil Peep),59,0.125,0.799,143180,0.466,0,0.136,-9.055,1,0.0648,114.082,0.0558
hiphop,Lil Durk,Instigator,55,0.0309,0.67,161066,0.711,0,0.107,-5.274,1,0.417,111.373,0.433
hiphop,Too $hort,Shake That Monkey,55,0.000577,0.937,278707,0.695,3.19E-05,0.295,-6.932,1,0.134,99.997,0.457
hiphop,Zion & Lennox,Mi Tesoro (feat. Nicky Jam),66,0.0821,0.725,246653,0.711,0,0.0931,-4.544,1,0.0335,93.003,0.477
hiphop,Diddy,Victory (feat. The Notorious B.I.G. & Busta Rhymes),57,0.397,0.609,296267,0.731,0,0.664,-6.846,1,0.322,91.778,0.685
hiphop,Injury Reserve,Ttktv,57,0.814,0.63,401933,0.449,0.575,0.106,-8.549,0,0.252,158.861,0.0738
hiphop,JAY Z,Points Of Authority / 99 Problems / One Step Closer,60,0.00272,0.547,295827,0.951,1.14E-05,0.0862,-4.079,0,0.151,95.031,0.51
hiphop,Big Sean,All Your Fault,54,0.321,0.609,224387,0.738,0,0.232,-4.444,0,0.357,199.915,0.525
hiphop,Trey Songz,Can't Be Friends,59,0.0643,0.451,220373,0.588,0,0.171,-7.973,0,0.2,171.849,0.332
hiphop,DMX,Who We Be,59,0.146,0.572,289600,0.878,0,0.314,-4.076,1,0.281,165.432,0.578
hiphop,Rilès,Marijuana,68,0.671,0.769,162160,0.304,0,0.133,-7.579,0,0.0535,142.006,0.43
hiphop,Brother Ali,Forest Whitiker,54,0.0446,0.771,180067,0.513,0,0.0664,-3.569,0,0.221,87.021,0.652
hiphop,Janelle Monáe,I Got The Juice (feat. Pharrell Williams),61,0.0758,0.922,226288,0.485,3.39E-05,0.601,-7.259,1,0.096,120.156,0.395
hiphop,Tee Grizzley,Don't Even Trip (feat. Moneybagg Yo),54,0.00372,0.756,256000,0.637,0.000455,0.325,-6.211,1,0.251,149.989,0.311
hiphop,Earl Sweatshirt,AM // Radio,53,0.162,0.47,242547,0.389,0.00718,0.225,-7.532,1,0.0725,82.365,0.524
hiphop,Ms. Lauryn Hill,To Zion,62,0.127,0.41,369293,0.601,0,0.112,-10.714,1,0.504,173.273,0.516
hiphop,Arizona Zervas,Parted Ways,56,0.131,0.856,205714,0.323,0.000122,0.0876,-7.634,1,0.0745,132.937,0.0731
hiphop,Rich Brian,Chaos,56,0.0115,0.809,132038,0.581,0.000513,0.345,-8.294,0,0.195,149.949,0.369
hiphop,Aaliyah,I Don't Wanna,58,0.537,0.705,255093,0.572,0,0.226,-5.603,0,0.0349,129.999,0.653
hiphop,Noname,Sunny Duet (feat. the Mind),57,0.775,0.56,162490,0.463,0,0.128,-9.601,1,0.421,155.711,0.896
hiphop,A$AP Mob,Money Man,55,0.135,0.845,212120,0.735,0,0.147,-6.077,1,0.302,129.993,0.45
hiphop,Mike Stud,Jack Daniels,59,0.564,0.692,206027,0.552,0.0289,0.158,-8.265,0,0.0473,80.026,0.363
hiphop,Daddy Yankee,Sígueme Y Te Sigo,67,0.0641,0.734,209787,0.884,2.85E-05,0.732,-3.619,1,0.0418,100.016,0.667
hiphop,DJ Luke Nasty,OTW,53,0.0143,0.743,219512,0.651,0,0.079,-5.974,1,0.0646,82.022,0.467
hiphop,Terror Reid,Uppercuts,61,0.0185,0.544,180000,0.812,0,0.481,-6.431,1,0.393,183.529,0.678
hiphop,Yo Gotti,Act Right,55,0.146,0.885,250773,0.615,0,0.0651,-6.714,1,0.123,97.999,0.598
hiphop,Felly,Pretty Girl,52,0.261,0.798,191633,0.523,0,0.105,-5.085,1,0.0536,124.999,0.409
hiphop,Tyga,Temperature,64,0.36,0.864,200009,0.587,5.89E-05,0.0909,-4.504,0,0.0985,96.033,0.539
hiphop,Nas,Memory Lane (Sittin' in da Park),56,0.31,0.648,248213,0.841,0,0.136,-4.322,1,0.212,89.564,0.624
hiphop,Fetty Wap,Love The Way,54,0.141,0.659,226161,0.594,0,0.192,-6.803,1,0.0387,153.987,0.296
hiphop,Birdman,Money To Blow - Street Version,54,0.0103,0.709,258587,0.562,0,0.347,-8.707,1,0.0675,133.023,0.663
hiphop,Eminem,Say What You Say,59,0.189,0.909,309867,0.548,0,0.153,-3.664,1,0.412,113.358,0.42
hiphop,G-Eazy,Leviathan,59,0.0277,0.663,227027,0.51,0,0.27,-8.823,1,0.192,96.223,0.131
hiphop,Mickey Singh,Yarri Yeah (feat. Nani Anjali),59,0.00705,0.665,238667,0.7,3.14E-06,0.357,-4.475,0,0.0378,90.007,0.411
hiphop,Frank Ocean,Facebook Story,59,0.878,0.632,68588,0.18,0,0.249,-20.55,1,0.685,85.004,0.704
hiphop,BROCKHAMPTON,MICHIGAN,56,0.396,0.695,183562,0.394,8.59E-05,0.103,-11.703,1,0.0639,139.054,0.196
hiphop,NAV,Did You See NAV?,56,0.0122,0.883,217187,0.455,7.00E-05,0.114,-8.338,1,0.0667,130.442,0.129
hiphop,Kevin Gates,Pourin the Syrup,52,0.296,0.78,229435,0.816,0,0.139,-5.318,0,0.288,119.975,0.555
hiphop,Jeremih,Pass Dat,58,0.553,0.888,173840,0.516,0.0413,0.111,-4.802,1,0.0997,127.979,0.23
hiphop,Wale,Bad (feat. Tiara Thomas),56,0.015,0.867,255693,0.638,0,0.157,-6.657,0,0.0643,113.969,0.28
hiphop,Big K.R.I.T.,Learned From Texas,53,0.0479,0.782,192875,0.751,0,0.0615,-4.995,1,0.12,128.079,0.572
hiphop,Big K.R.I.T.,Mixed Messages,54,0.0486,0.72,266978,0.691,2.16E-05,0.174,-6.266,1,0.0328,115.966,0.34
hiphop,Mike WiLL Made-It,Grown up Fairy Tales (feat. Chance the Rapper & Jeremih),53,0.757,0.509,234023,0.59,0,0.152,-6.523,1,0.114,160.25,0.443
hiphop,Young Thug,Chains Choking Me (feat. Gunna),56,0.0123,0.722,181453,0.482,0,0.112,-11.249,1,0.325,81.735,0.0842
hiphop,KRS-One,Step into a World (Rapture's Delight),56,0.00763,0.803,289907,0.806,0.00536,0.101,-7.805,1,0.265,94.993,0.618
hiphop,Future,Rich $ex,55,0.148,0.758,240160,0.482,6.88E-06,0.135,-11.202,0,0.168,111.896,0.0977
hiphop,"Tyler, The Creator",48,55,0.132,0.558,247293,0.887,0,0.89,-8.083,1,0.276,119.893,0.535
hiphop,KEY,Love On Ice (feat. 6LACK),56,0.0423,0.915,195918,0.571,0.000929,0.218,-7.124,0,0.116,146.97,0.391
hiphop,Action Bronson,Swerve On Em (feat. A$AP Rocky),54,0.284,0.629,171892,0.845,0,0.386,-6.098,0,0.333,147.983,0.482
hiphop,Meek Mill,Outro (feat. Lil Snupe & French Montana),56,0.0195,0.494,298079,0.664,0,0.109,-5.65,1,0.231,127.55,0.131
hiphop,Mac Miller,When In Rome,55,0.0513,0.837,223120,0.699,0,0.262,-4.301,0,0.074,124.04,0.216
hiphop,Kid Cudi,Ashin’ Kusher,54,0.736,0.86,228493,0.638,0.000708,0.105,-5.773,1,0.201,92.997,0.584
hiphop,NF,I Can Feel It,55,0.0754,0.64,233573,0.793,1.71E-05,0.107,-5.95,0,0.0623,119.961,0.177
hiphop,Eminem,"Bad Guys Always Die - From ""Wild Wild West"" Soundtrack",57,0.0249,0.722,279133,0.747,4.50E-06,0.197,-3.483,1,0.0509,95.866,0.343
hiphop,Young Thug,Stoner,53,0.421,0.876,240000,0.675,1.16E-06,0.0667,-3.28,0,0.146,135.959,0.606
hiphop,Die Antwoord,Baby's on Fire,65,0.0521,0.829,236840,0.844,0.00148,0.171,-4.329,0,0.0966,130.04,0.762
hiphop,6LACK,In Between (feat. BANKS) - Bonus,59,0.619,0.545,205500,0.573,0.00408,0.104,-6.007,1,0.246,118.07,0.344
hiphop,Gorillaz,Souk Eye,60,0.43,0.64,274760,0.853,0.711,0.156,-7.996,0,0.031,124.122,0.829
hiphop,The Roots,The Fire,60,0.177,0.673,221067,0.957,2.27E-05,0.534,-4.399,1,0.138,174.021,0.399
hiphop,Tech N9ne,So Dope (They Wanna),54,0.0561,0.775,259560,0.668,0,0.639,-9.61,1,0.154,120.028,0.3
hiphop,Yo Gotti,King Sh*t,56,0.0103,0.878,211187,0.741,0.000148,0.104,-3.908,1,0.219,156.008,0.627
hiphop,Shy Glizzy,Loving Me,58,0.0899,0.799,194053,0.548,0,0.108,-5.849,1,0.07,141.977,0.606
hiphop,Kevin Gates,Thinking With My D**k (feat. Juciy J),52,0.0596,0.77,165315,0.699,1.65E-05,0.17,-6.59,1,0.199,81.003,0.696
hiphop,Future,Freak Hoe,55,0.0568,0.773,174733,0.605,0.0469,0.232,-6.951,0,0.136,168.025,0.266
hiphop,BJ The Chicago Kid,Church,56,0.0481,0.672,287333,0.569,0,0.295,-6.319,0,0.0624,95.971,0.46
hiphop,YFN Lucci,Letter from Lucci,54,0.27,0.848,284000,0.582,0,0.165,-7.313,0,0.154,103.01,0.656
hiphop,JAY Z,Can I Get A... - From The Rush Hour Soundtrack,54,0.12,0.791,311800,0.665,0.000161,0.0961,-9.496,0,0.352,177.097,0.792
hiphop,G Herbo,Wilt Chamberlin,57,0.315,0.66,148240,0.714,0,0.18,-5.41,0,0.269,79.954,0.541
hiphop,Night Lovell,RIP Trust,59,0.67,0.793,165231,0.625,4.75E-05,0.218,-6.726,1,0.072,130.047,0.181
hiphop,SAINt JHN,Selfish,58,0.377,0.691,234971,0.553,0.00409,0.108,-7.107,1,0.0341,102.045,0.158
hiphop,070 Shake,Accusations,58,0.453,0.901,279707,0.283,0.000111,0.0858,-10.156,0,0.0769,118.963,0.333
hiphop,bbno$,3mo,57,0.602,0.882,142921,0.451,1.41E-06,0.254,-12.689,1,0.379,88.984,0.476
hiphop,Shy Glizzy,Where We Come From (feat. YoungBoy Never Broke Again),57,0.233,0.588,211590,0.731,0,0.103,-7.256,1,0.246,90.652,0.777
hiphop,Key Glock,Prime,55,0.011,0.946,140813,0.552,0,0.0656,-8.662,1,0.432,128.053,0.383
hiphop,Nappy Roots,Good Day,55,0.57,0.859,261773,0.654,0.0147,0.498,-6.326,1,0.258,94.004,0.897
hiphop,Atmosphere,Sound Is Vibration,52,0.0315,0.779,237200,0.712,0,0.353,-9.162,1,0.357,88.042,0.495
hiphop,Ayo Jay,Your Number,63,0.534,0.588,204081,0.61,0,0.303,-5.008,0,0.234,99.926,0.645
hiphop,Phora,Loyalty,53,0.0102,0.752,227117,0.66,0,0.095,-4.424,0,0.233,116.079,0.2
hiphop,Vic Mensa,Coffee & Cigarettes,54,0.311,0.473,270400,0.638,0,0.0849,-8.186,1,0.125,147.768,0.253
hiphop,Noname,Blaxploitation,57,0.091,0.891,133057,0.827,1.53E-06,0.221,-6.139,1,0.351,100.987,0.861
hiphop,Chuuwee,See Today,54,0.00546,0.802,191999,0.461,7.31E-06,0.0931,-9.442,1,0.101,119.974,0.115
hiphop,Fat Joe,Make It Rain,52,0.0106,0.744,247413,0.697,0,0.0842,-5.063,0,0.197,149.28,0.767
hiphop,6 Dogs,Someone,57,0.228,0.673,185078,0.445,0.383,0.313,-10.325,0,0.0521,135.027,0.195
hiphop,BROCKHAMPTON,MILK,57,0.0392,0.594,295000,0.454,0.000954,0.32,-8.757,1,0.0473,75.012,0.28
hiphop,Kevin Gates,Plug Daughter,52,0.0337,0.794,143821,0.752,0.00753,0.137,-6.476,1,0.123,128.016,0.496
hiphop,Smino,Coupe Se' Yern,56,0.168,0.842,151144,0.535,1.02E-06,0.0927,-8.473,1,0.461,76.983,0.713
hiphop,Kevin Gates,Ain't Too Hard,52,0.369,0.535,205707,0.637,0,0.084,-6.799,1,0.311,80.775,0.384
hiphop,GAWVI,Fight For Me,55,0.32,0.683,203325,0.63,0,0.222,-5.146,1,0.0587,159.927,0.452
hiphop,Lil Xan,Far,59,0.0209,0.731,142853,0.587,0,0.117,-7.323,1,0.0565,136.001,0.545
hiphop,Vince Staples,Señorita,53,0.0495,0.77,188026,0.639,3.72E-05,0.331,-8.284,0,0.121,125,0.158
hiphop,070 Shake,Honey,63,0.0114,0.696,398106,0.667,0,0.181,-7.665,0,0.0407,121.932,0.287
hiphop,Eminem,If I Had,57,0.000627,0.791,245493,0.601,3.13E-05,0.107,-4.978,0,0.217,168.161,0.272
hiphop,Jagged Edge,Walked Outta Heaven,56,0.573,0.67,270880,0.616,0,0.0535,-6.123,1,0.225,120.129,0.523
hiphop,KYLE,To The Moon,56,0.0775,0.83,171800,0.486,4.63E-06,0.0888,-6.471,1,0.0446,123.957,0.179
hiphop,Shoreline Mafia,Pack Em,54,0.223,0.781,205672,0.417,0,0.0746,-9.036,0,0.146,95.002,0.166
hiphop,Bazanji,23 Freestyle,59,0.107,0.705,99706,0.765,0,0.122,-7.495,0,0.0513,135.957,0.241
hiphop,Vic Mensa,Homewrecker,54,0.256,0.512,248107,0.806,0,0.0789,-5.247,1,0.133,85.647,0.36
hiphop,Eminem,Framed,60,0.0136,0.744,252960,0.827,0,0.272,-2.972,1,0.113,145.972,0.735
hiphop,Mike Stud,W.I.N.,58,0.228,0.794,170057,0.498,3.05E-05,0.0929,-8.661,0,0.115,76.022,0.215
hiphop,Night Lovell,CAN'T LOSE YOU,58,0.474,0.82,157612,0.57,0.000347,0.109,-6.163,1,0.0361,133.908,0.0971
hiphop,EARTHGANG,Momma Told Me,53,0.438,0.572,234893,0.79,0,0.989,-6.573,1,0.461,79.87,0.416
hiphop,Childish Gambino,Pop Thieves (Make It Feel Good),55,0.0755,0.489,309480,0.83,1.15E-05,0.105,-8.546,0,0.0703,104.815,0.0741
hiphop,Gorillaz,Tomorrow Comes Today,53,0.0071,0.751,193600,0.596,0.57,0.103,-4.594,1,0.0302,93.213,0.561
hiphop,Childish Gambino,Les,52,0.00654,0.524,317293,0.674,9.30E-05,0.221,-7.038,0,0.0895,102.901,0.128
hiphop,Nas,NY Se Mumbai,57,0.129,0.753,228101,0.836,1.32E-06,0.409,-7.572,0,0.204,104.983,0.278
hiphop,Ja Rule,I'm Real - Murder Remix,53,0.412,0.706,252933,0.624,0,0.139,-5.978,0,0.13,83.506,0.563
hiphop,Moneybagg Yo,Oh Fuck,54,0.00708,0.824,110367,0.55,0,0.126,-6.545,0,0.313,148.096,0.648
hiphop,Wale,Right Here (feat. Eric Bellinger),58,0.548,0.46,221569,0.736,0,0.101,-4.3,0,0.471,177.056,0.405
hiphop,Future,Drip on Me,55,0.00362,0.834,199840,0.618,2.67E-05,0.126,-7.653,0,0.231,135.889,0.553
hiphop,"nothing,nowhere.",Hopes Up (feat. Dashboard Confessional),57,0.0249,0.541,253560,0.675,0,0.0741,-7.682,1,0.0451,139.926,0.119
hiphop,Kodak Black,Loyal,56,0.283,0.856,165821,0.501,0,0.138,-5.758,0,0.065,97.008,0.335
hiphop,Night Lovell,I'm Okay,59,0.706,0.741,157855,0.775,2.48E-06,0.222,-6.523,0,0.0281,110.996,0.313
hiphop,Freddie Gibbs,Automatic,55,0.0339,0.897,152000,0.583,3.04E-06,0.349,-6.442,1,0.219,120.051,0.314
hiphop,Yandel,Que No Acabe,54,0.0254,0.754,214093,0.793,0,0.123,-4.635,0,0.0458,92.002,0.67
hiphop,Paulo Londra,Dímelo,74,0.0563,0.832,212444,0.71,0,0.086,-5.541,1,0.231,135.107,0.373
hiphop,A$AP Ferg,Dump Dump,55,0.207,0.65,214827,0.638,0,0.266,-5.94,1,0.127,134.044,0.418
hiphop,Gunna,Outta Sight Outta Mind,56,0.159,0.931,234107,0.264,0,0.0921,-15.348,0,0.474,121.016,0.469
hiphop,Moneybagg Yo,Preliminary Hearing,53,0.0248,0.641,180911,0.808,0,0.205,-4.145,0,0.105,160.018,0.527
hiphop,Trey Songz,Animal,61,0.0595,0.542,261213,0.577,1.24E-06,0.357,-6.77,0,0.0824,161.923,0.332
hiphop,Saba,Where It's At,56,0.034,0.626,205600,0.672,6.69E-05,0.106,-5.918,0,0.221,139.214,0.366
hiphop,Mach & Daddy,La Botella,67,0.217,0.746,179213,0.787,4.26E-05,0.0915,-4.443,1,0.0453,117.99,0.917
hiphop,DaBaby,Milli,53,0.121,0.654,120693,0.58,0,0.258,-6.764,1,0.477,131.912,0.278
hiphop,Twista,Slow Jamz,59,0.369,0.569,316053,0.744,0,0.256,-5.757,0,0.181,145.063,0.59
hiphop,Ty Dolla $ign,Or Nah (feat. Wiz Khalifa and DJ Mustard),56,0.0544,0.83,251861,0.33,0,0.119,-9.156,1,0.0485,121.974,0.0744
hiphop,Waka Flocka Flame,For My Dawgs,54,0.189,0.751,201667,0.664,0,0.672,-6.111,1,0.317,155.796,0.686
hiphop,Rae Sremmurd,Chanel (feat. Swae Lee & Pharrell) - From Jxmtro,56,0.0055,0.98,264001,0.713,0,0.106,-4.98,1,0.0468,125.03,0.67
hiphop,Wiz Khalifa,Reach for the Stars (feat. Bone Thugs-N-Harmony),57,0.336,0.736,259474,0.713,0,0.111,-6.944,1,0.237,148.027,0.428
hiphop,Drake,Thank Me Now,52,0.277,0.492,328573,0.769,0,0.126,-4.847,1,0.423,76.51,0.762
hiphop,Yung Simmie,Easy,54,0.0433,0.948,194000,0.465,0,0.105,-8.956,1,0.0968,119.962,0.183
hiphop,Eminem,You’re Never Over,59,0.0193,0.691,305680,0.96,0,0.0626,-1.616,1,0.198,157.02,0.645
hiphop,Mac Miller,The Star Room,54,0.593,0.352,275283,0.676,7.79E-05,0.471,-5.879,1,0.212,79.138,0.352
hiphop,Kendrick Lamar,Sherane a.k.a Master Splinter’s Daughter,54,0.486,0.503,273640,0.508,0.0102,0.124,-11.094,0,0.52,81.908,0.317
hiphop,A$AP Ferg,Not The Boy,57,0.127,0.714,104947,0.817,3.64E-06,0.116,-5.616,0,0.103,95.434,0.646
hiphop,Gorillaz,Lake Zurich,60,0.000108,0.618,253627,0.886,0.881,0.0821,-6.099,1,0.033,115.082,0.779
hiphop,Tech N9ne,Straight Out the Gate,55,0.0215,0.563,250360,0.754,0,0.653,-6.252,1,0.0601,164.076,0.169
hiphop,Roy Woods,Monday to Monday,57,0.61,0.618,272675,0.589,0,0.188,-6.753,0,0.0388,77.471,0.453
hiphop,BROCKHAMPTON,PALACE,56,0.349,0.552,248555,0.275,0.00441,0.112,-11.691,0,0.0311,85.009,0.148
hiphop,Diddy,Can't Nobody Hold Me Down (feat. Mase),57,0.102,0.928,231160,0.771,1.07E-05,0.338,-5.935,0,0.251,93.987,0.679
hiphop,112,Dance with Me,60,0.0259,0.912,231800,0.511,0,0.0442,-6.365,1,0.203,101.628,0.611
hiphop,Belly,Re Up,54,0.656,0.769,259227,0.498,0,0.105,-9.792,0,0.248,104.054,0.438
hiphop,Nipsey Hussle,Status Symbol 3 (feat. Buddy),54,0.0303,0.71,305173,0.815,0,0.115,-2.625,1,0.219,140.134,0.602
hiphop,Slick Rick,Street Talkin',56,0.0584,0.936,221200,0.484,0,0.0983,-7.829,0,0.332,101.765,0.839
hiphop,Usher,Scream,64,0.00117,0.616,234693,0.862,0,0.179,-5.18,0,0.0973,127.992,0.569
hiphop,Wifisfuneral,Genesis,55,0.0517,0.898,194299,0.886,0,0.0771,-5.972,1,0.363,84.104,0.687
hiphop,Young Dolph,On God,54,0.0189,0.885,197853,0.578,0,0.089,-6.41,1,0.372,145.01,0.453
hiphop,Ludacris,Area Codes,58,0.405,0.867,303027,0.692,0,0.671,-7.125,0,0.366,101.027,0.637
hiphop,DJ Khaled,No New Friends - SFTB Remix,56,0.00589,0.703,308333,0.681,0,0.449,-6.356,1,0.133,124.928,0.245
hiphop,Kendrick Lamar,For Free? - Interlude,57,0.588,0.526,130893,0.896,0,0.37,-4.708,1,0.197,129.313,0.745
hiphop,6LACK,Rules,58,0.178,0.682,211867,0.758,0.00158,0.0964,-6.13,0,0.155,147.045,0.638
hiphop,EARTHGANG,Off the Lot (feat. Mereba),53,0.19,0.651,261462,0.564,0.0046,0.181,-7.111,1,0.149,82.9,0.366
hiphop,BROCKHAMPTON,SOMETHING ABOUT HIM,57,0.579,0.702,93547,0.64,0,0.14,-9.108,1,0.18,79.924,0.619
hiphop,Smino,FENTY SEX (with Dreezy),56,0.71,0.563,214977,0.521,3.27E-06,0.148,-9.782,0,0.3,142.683,0.61
hiphop,South Park Mexican,Wiggy,54,0.00036,0.823,275107,0.657,0.00147,0.147,-6.578,1,0.203,96.084,0.112
hiphop,Logic,Deeper Than Money,54,0.149,0.738,257640,0.879,0,0.102,-4.444,0,0.245,90.338,0.893
hiphop,JAY Z,Big Pimpin' / Papercut,58,0.196,0.765,156320,0.938,0.000687,0.485,-2.718,1,0.0481,138.312,0.965
hiphop,Reo Cragun,Inconsiderate,55,0.498,0.651,225609,0.482,1.39E-06,0.103,-9.704,0,0.167,114.646,0.296
hiphop,Young Dolph,But I'm Bulletproof,54,0.038,0.828,201345,0.442,9.28E-06,0.0909,-8.587,1,0.342,142.06,0.34
hiphop,JID,General,54,0.25,0.708,198298,0.675,0,0.19,-6.351,0,0.481,78.655,0.599
hiphop,Yo Gotti,Down In the DM - Remix,56,0.00243,0.791,259072,0.634,5.43E-05,0.0812,-7.684,0,0.0639,152.961,0.323
hiphop,21 Savage,Baby Girl,58,0.00781,0.852,169093,0.459,0.119,0.133,-9.658,1,0.391,163.021,0.157
hiphop,Getter,On My Way Out,59,0.388,0.517,330947,0.685,0.0133,0.0713,-7.728,1,0.055,95.018,0.231
hiphop,Childish Major,Happy Birthday (feat. SZA & Isaiah Rashad),58,0.0335,0.741,182692,0.78,0.000283,0.117,-6.779,0,0.118,117.098,0.623
hiphop,Big Daddy Kane,Smooth Operator,56,0.0933,0.891,284467,0.319,0.000104,0.0482,-16.099,0,0.333,92.649,0.687
hiphop,Kendrick Lamar,Poe Mans Dreams (His Vice),56,0.619,0.736,261874,0.892,1.14E-06,0.111,-5.217,1,0.28,88.124,0.597
hiphop,Kap G,Top 5 (feat. Playboi Carti),56,0.0665,0.885,161063,0.671,0,0.0963,-7.146,0,0.109,155.015,0.926
hiphop,Thundercat,Friend Zone,51,0.258,0.589,192511,0.83,0.00292,0.114,-4.961,1,0.0352,106.995,0.239
hiphop,Migos,What The Price,59,0.293,0.786,248506,0.625,0,0.15,-4.194,1,0.0542,123.983,0.216
hiphop,Gucci Mane,P**** Print (feat. Kanye West),55,0.212,0.921,215373,0.373,0,0.105,-11.513,1,0.328,125.981,0.179
hiphop,Jaden Smith,L,58,0.36,0.485,143353,0.604,0,0.434,-9.092,0,0.112,108.058,0.399
hiphop,Hermitude,HyperParadise - Flume Remix,61,0.0453,0.603,268307,0.827,0.619,0.0833,-7.372,1,0.0714,144.992,0.311
hiphop,Ice Cube,Friday,55,0.0762,0.698,229827,0.747,3.51E-06,0.102,-4.202,1,0.0612,186.109,0.663
hiphop,Shoreline Mafia,Poppin It (feat. Stinc Team),54,0.0473,0.813,280253,0.502,0,0.104,-8.126,0,0.332,79.008,0.357
hiphop,Chief Keef,Glory Bridge (feat. A Boogie Wit da Hoodie),54,0.0428,0.784,168000,0.634,0,0.0831,-7.321,1,0.386,79.927,0.332
hiphop,Aminé,Squeeze,55,0.304,0.746,111867,0.513,1.03E-06,0.083,-7.173,0,0.361,157.993,0.699
hiphop,BROCKHAMPTON,GAMBA,56,0.314,0.652,202228,0.511,0.00267,0.163,-8.055,1,0.0916,95.045,0.296
hiphop,Public Enemy,harder than you think,62,0.0317,0.458,249522,0.852,0,0.0547,-4.442,0,0.276,104.021,0.765
hiphop,Burna Boy,Gbona,64,0.564,0.806,187815,0.813,0.000141,0.105,-5.868,0,0.158,93.88,0.943
hiphop,DaBaby,Off Top,53,0.0495,0.769,180200,0.624,0,0.0597,-7.729,1,0.309,159.974,0.613
hiphop,KB,Long Live the Champion,54,0.00795,0.691,263118,0.795,0,0.0878,-4.082,0,0.0972,137.994,0.628
hiphop,Aventura,Enseñame a Olvidar,62,0.467,0.78,348827,0.491,0,0.0972,-8.793,1,0.0443,124.968,0.912
hiphop,Gucci Mane,St. Brick Intro,53,0.338,0.796,145147,0.597,0,0.212,-6.907,0,0.387,149.94,0.416
hiphop,bbno$,thankful,59,0.796,0.763,174222,0.444,0,0.104,-7.635,1,0.0356,135.03,0.603
hiphop,Guy,Let's Chill,55,0.0791,0.574,323827,0.399,0,0.0383,-12.866,0,0.0363,74.555,0.52
hiphop,Kid Cudi,Simple As...,52,0.261,0.802,151333,0.753,0.0002,0.581,-4.718,1,0.112,95.011,0.506
hiphop,Eminem,Infinite,58,0.293,0.637,251707,0.862,0,0.217,-4.343,0,0.191,82.019,0.573
hiphop,Skizzy Mars,American Dream,56,0.13,0.659,206765,0.806,5.80E-06,0.127,-4.255,1,0.289,187.993,0.814
hiphop,"quickly, quickly",Blingblingbling,60,0.335,0.54,104096,0.457,0.706,0.118,-6.6,1,0.317,167.77,0.642
hiphop,21 Savage,Thug Life,57,0.159,0.8,263427,0.467,0,0.653,-9.974,1,0.45,132.054,0.307
hiphop,Ryan Caraveo,Perfect World,57,0.0496,0.825,210608,0.611,0,0.33,-7.728,1,0.184,115.015,0.539
hiphop,Bas,Fragrance (feat. Correy C),54,0.076,0.749,217200,0.569,0,0.122,-5.457,1,0.0529,138.054,0.545
hiphop,Kevin Roldan,Pa Tu Casa,68,0.344,0.734,291453,0.66,0,0.0591,-4.49,1,0.11,159.871,0.649
hiphop,Cypress Hill,(Rock) Superstar,60,0.0141,0.797,276867,0.762,1.05E-05,0.064,-6.972,1,0.259,94.224,0.722
hiphop,Bone Crusher,Never Scared (feat. Killer Mike & T.I.) - Club Mix,55,0.00924,0.586,316133,0.927,1.85E-06,0.344,-4.077,0,0.194,73.023,0.528
hiphop,Tee Grizzley,Real Ni**as,53,0.0915,0.735,222087,0.672,0,0.163,-5.747,1,0.156,147.932,0.759
hiphop,Noriel,Desperte Sin Ti (Remix),64,0.17,0.738,319587,0.62,0,0.0773,-7.413,1,0.0661,115.031,0.204
hiphop,"Gotay ""El Autentiko""",Yo Me La Robé,68,0.368,0.82,221480,0.549,0.000115,0.2,-6.514,1,0.134,99.958,0.266
hiphop,Chris Travis,Crunch Time,57,0.304,0.844,233273,0.709,0,0.517,-1.322,0,0.0544,109.959,0.101
hiphop,Quavo,FUCK 12 (feat. Offset),59,0.767,0.841,264920,0.678,0,0.4,-4.664,0,0.189,121.023,0.717
indie,Halsey,Without Me,97,0.297,0.752,201661,0.488,9.11E-06,0.0936,-7.05,1,0.0705,136.041,0.533
indie,YUNGBLUD,11 Minutes (with Halsey feat. Travis Barker),87,0.0116,0.464,239507,0.852,0,0.108,-3.804,1,0.067,160.075,0.233
indie,Grouplove,Tongue Tied,80,0.00847,0.56,218013,0.936,0,0.161,-5.835,1,0.0439,112.96,0.371
indie,The Killers,Mr. Brightside,80,0.00108,0.33,222587,0.936,0,0.0926,-3.66,1,0.0917,148.112,0.234
indie,Lord Huron,The Night We Met,78,0.968,0.441,208227,0.379,0.262,0.639,-9.545,1,0.0449,174.118,0.105
indie,Rex Orange County,Loving Is Easy,80,0.217,0.756,155720,0.609,0.00474,0.096,-7.927,1,0.0544,117.023,0.537
indie,Halsey,Bad At Love,81,0.0604,0.675,181279,0.751,0,0.0893,-3.539,1,0.0296,118.384,0.612
indie,Rex Orange County,Sunflower,80,0.646,0.384,252231,0.765,0.00352,0.522,-4.463,1,0.0579,129.903,0.567
indie,Bryce Vine,Drew Barrymore,78,0.493,0.763,190472,0.572,0.00118,0.106,-7.312,0,0.0595,151.93,0.25
indie,Dermot Kennedy,Power Over Me,84,0.0519,0.42,206960,0.843,0,0.106,-4.231,0,0.121,173.827,0.491
indie,Rex Orange County,Best Friend,79,0.395,0.575,262231,0.714,0,0.115,-5.247,1,0.0596,144.982,0.32
indie,James Blake,Mile High (feat. Travis Scott & Metro Boomin),79,0.403,0.754,193600,0.37,6.22E-05,0.107,-9.854,0,0.12,114.941,0.228
indie,Vance Joy,Riptide,78,0.431,0.484,204280,0.731,0,0.151,-6.694,1,0.0379,101.654,0.51
indie,Halsey,Without Me (with Juice WRLD),81,0.351,0.742,228816,0.515,0,0.184,-6.103,1,0.0747,136.02,0.452
indie,Foster The People,Pumped Up Kicks,83,0.145,0.733,239600,0.71,0.115,0.0956,-5.849,0,0.0292,127.975,0.965
indie,lovelytheband,broken,78,0.00175,0.666,204878,0.728,4.26E-06,0.0429,-5.808,1,0.0419,122.996,0.51
indie,Peter Manos,In My Head,80,0.745,0.499,214533,0.181,0.00123,0.106,-15.359,0,0.0429,111.956,0.0747
indie,G-Eazy,Him & I (with Halsey),82,0.0534,0.589,268867,0.731,0,0.308,-6.343,1,0.0868,87.908,0.191
indie,WALK THE MOON,Shut Up and Dance,80,0.00701,0.578,199080,0.866,0,0.257,-3.804,1,0.0619,128.038,0.619
indie,FLETCHER,Undrunk,76,0.455,0.679,183428,0.572,2.41E-06,0.127,-6.703,1,0.0781,92.859,0.542
indie,G-Eazy,West Coast,76,0.0729,0.843,139610,0.806,0,0.758,-5.156,1,0.367,97.858,0.821
indie,Arctic Monkeys,Do I Wanna Know?,84,0.186,0.548,272394,0.532,0.000263,0.217,-7.596,1,0.0323,85.03,0.405
indie,Cage The Elephant,Ain't No Rest for the Wicked,74,0.0438,0.634,175493,0.849,0,0.363,-7.075,1,0.105,156.004,0.919
indie,BØRNS,Electric Love,74,0.00543,0.611,218107,0.797,0.00137,0.26,-7.627,0,0.0533,120.041,0.518
indie,Bruno Major,Easily,73,0.491,0.772,210240,0.256,0.00612,0.144,-8.545,0,0.0481,118.902,0.357
indie,Foster The People,Sit Next to Me,76,0.117,0.638,243147,0.738,0.000384,0.689,-4.976,0,0.0292,97.021,0.657
indie,Christian French,By Myself,74,0.359,0.685,184625,0.553,0,0.654,-6.965,0,0.0667,130.022,0.695
indie,Edward Sharpe & The Magnetic Zeros,Home,74,0.292,0.542,303200,0.589,0.000522,0.177,-6.623,1,0.0318,111.665,0.137
indie,gianni & kyle,do u even miss me at all?,76,0.384,0.819,177600,0.519,0,0.0899,-7.16,0,0.0768,100.039,0.452
indie,G-Eazy,No Limit,78,0.0117,0.838,245387,0.771,0,0.0853,-3.791,1,0.244,175.957,0.405
indie,Louis The Child,Better Not (with Wafia),75,0.278,0.783,222866,0.537,0,0.229,-2.921,1,0.0795,113.988,0.393
indie,Two Feet,Go Fuck Yourself,80,0.571,0.765,129600,0.327,0.0479,0.0787,-8.029,1,0.277,74.931,0.292
indie,The Lumineers,Ho Hey,70,0.794,0.685,163133,0.466,2.06E-06,0.0915,-9.074,1,0.0304,79.936,0.353
indie,alt-J,Breezeblocks,71,0.096,0.616,227080,0.656,0.000879,0.205,-7.298,1,0.0344,150.071,0.286
indie,Ruth B.,Lost Boy,78,0.965,0.71,275280,0.0565,0,0.0889,-15.099,1,0.0534,123.994,0.348
indie,Pink Sweat$,Honesty,77,0.919,0.616,191000,0.204,0,0.106,-11.421,0,0.0331,79.826,0.419
indie,MGMT,Electric Feel,77,0.0714,0.763,229640,0.807,0.28,0.348,-3.714,1,0.035,103.038,0.559
indie,Quinn XCII,Flare Guns,74,0.26,0.812,240013,0.472,0,0.285,-6.806,0,0.0603,92.951,0.457
indie,Christian Leave,Please Notice,74,0.843,0.55,116667,0.271,3.21E-06,0.107,-8.451,1,0.0297,111.344,0.198
indie,Vampire Weekend,Harmony Hall,76,0.475,0.653,308733,0.76,0.000129,0.0917,-6.086,1,0.0479,98.008,0.6
indie,G-Eazy,1942,76,0.0152,0.817,213080,0.646,0,0.125,-5.12,0,0.249,162.898,0.835
indie,Shoffy,Cool Again,74,0.443,0.774,191935,0.45,3.28E-05,0.127,-6.86,1,0.0896,90.055,0.648
indie,The White Stripes,Seven Nation Army,76,0.00817,0.737,231733,0.463,0.447,0.255,-7.828,1,0.0792,123.881,0.324
indie,Alex & Sierra,Little Do You Know,81,0.746,0.5,185200,0.292,0,0.188,-8.554,1,0.0323,145.879,0.37
indie,Cage The Elephant,Cigarette Daydreams,71,0.0801,0.635,208760,0.675,0,0.0831,-3.445,1,0.0263,113.946,0.273
indie,Rex Orange County,New House,74,0.807,0.402,199052,0.378,0,0.242,-8.682,0,0.0436,73.262,0.317
indie,Olivia O'Brien,hate u love u,80,0.71,0.401,175467,0.398,0,0.0962,-8.993,0,0.183,180.293,0.265
indie,G-Eazy,"Me, Myself & I",79,0.0186,0.757,251467,0.672,0,0.158,-6.524,0,0.0955,111.996,0.382
indie,Halsey,Gasoline,76,0.223,0.731,199593,0.58,0,0.129,-7.328,0,0.0399,119.997,0.319
indie,Halsey,Now Or Never,76,0.107,0.67,214802,0.585,1.11E-06,0.131,-4.861,0,0.0354,110.03,0.447
indie,SYML,Where's My Love - Piano Solo,75,0.989,0.539,274493,0.0511,0.928,0.127,-16.503,1,0.0588,179.994,0.135
indie,Vance Joy,Georgia,73,0.312,0.388,230507,0.66,0.000307,0.0943,-7.372,1,0.0308,143.554,0.401
indie,The Lumineers,Ophelia,70,0.613,0.664,160097,0.573,0.000363,0.0857,-6.519,1,0.0277,76.023,0.566
indie,The Head and the Heart,Rivers and Roads,70,0.699,0.494,284000,0.194,2.98E-05,0.0803,-8.965,1,0.0352,135.753,0.161
indie,Kings of Leon,Sex on Fire,81,0.00172,0.542,203347,0.905,0.0104,0.136,-5.653,1,0.054,153.398,0.374
indie,Rex Orange County,Corduroy Dreams,74,0.653,0.61,206975,0.305,0,0.103,-14.037,1,0.053,113.818,0.222
indie,Modest Mouse,Float On,72,0.013,0.649,208467,0.888,2.23E-06,0.0888,-4.807,1,0.0293,100.975,0.553
indie,Young the Giant,Superposition,72,0.00289,0.593,230960,0.697,0.0257,0.14,-5.416,1,0.0399,170,0.428
indie,Sasha Sloan,Older,68,0.725,0.581,184893,0.298,0,0.116,-9.54,1,0.0698,63.761,0.168
indie,G-Eazy,I Mean It,75,0.125,0.712,236480,0.562,0,0.136,-6.008,1,0.129,140,0.142
indie,The Walters,I Love You So,70,0.65,0.578,160254,0.669,0,0.13,-4.898,1,0.0377,75.995,0.503
indie,Cage The Elephant,Ready To Let Go,73,0.0109,0.72,187973,0.893,2.52E-05,0.0729,-3.279,1,0.0376,100.96,0.795
indie,Mac DeMarco,Chamber Of Reflection,71,0.263,0.537,231724,0.558,0.91,0.102,-8.678,1,0.0929,131.037,0.505
indie,The Lumineers,Sleep On The Floor,69,0.249,0.389,211851,0.431,0,0.13,-8.061,1,0.0344,142.14,0.275
indie,DaniLeigh,Lil Bebe (feat. Lil Baby) - Remix,76,0.0481,0.856,174720,0.485,0,0.108,-5.519,0,0.0597,136.005,0.0929
indie,Ari Lennox,Shea Butter Baby (with J. Cole),77,0.134,0.702,210590,0.614,0.00391,0.173,-4.385,1,0.0786,155.173,0.047
indie,Death Cab for Cutie,I Will Follow You Into The Dark,67,0.924,0.517,189187,0.206,0,0.118,-12.233,1,0.0421,80.401,0.489
indie,Clairo,4EVER,71,0.049,0.75,159595,0.585,0.00552,0.155,-7.576,0,0.0285,102.331,0.584
indie,Charlotte Lawrence,Stole Your Car,75,0.0729,0.659,215786,0.712,3.04E-05,0.367,-5.61,0,0.0782,101.034,0.202
indie,Quinn XCII,Straightjacket,72,0.153,0.838,206533,0.546,0,0.0656,-6.811,0,0.295,137.027,0.745
indie,Ruel,Younger,78,0.202,0.745,222320,0.477,0,0.12,-7.706,0,0.088,136.055,0.454
indie,Fitz and The Tantrums,HandClap,68,0.00609,0.636,193253,0.836,0.000157,0.0828,-3.004,1,0.0427,139.956,0.715
indie,Tyler Childers,Feathered Indians,68,0.75,0.536,224947,0.574,0.00277,0.105,-6.705,1,0.0254,87.194,0.877
indie,Quinn XCII,U & Us,71,0.087,0.605,226000,0.73,0.00269,0.187,-7.871,1,0.0425,130.025,0.263
indie,Kings of Leon,Use Somebody,77,0.00552,0.276,230760,0.715,0.000417,0.201,-5.356,1,0.0432,137.028,0.173
indie,boy pablo,Everytime,71,0.0252,0.431,172941,0.669,0.0433,0.117,-10.065,1,0.035,203.906,0.855
indie,KALEO,Way Down We Go,76,0.579,0.489,213707,0.505,0.000333,0.104,-8.022,0,0.117,163.255,0.337
indie,No Rome,Narcissist (feat. The 1975),74,0.219,0.543,195502,0.682,1.53E-06,0.085,-5.81,1,0.112,179.972,0.424
indie,Quinn XCII,Tough (feat. Noah Kahan),71,0.388,0.729,178133,0.57,0,0.111,-7.047,1,0.0554,93.125,0.687
indie,Ansel Elgort,Supernova,77,0.0596,0.764,191493,0.618,0,0.194,-5.492,0,0.0873,140.09,0.655
indie,Vance Joy,Saturday Sun,73,0.484,0.637,214720,0.864,0,0.222,-4.381,1,0.0468,99.995,0.706
indie,The Paper Kites,Bloom - Bonus Track,74,0.882,0.592,210080,0.416,0.000586,0.112,-9.794,1,0.0246,96.002,0.417
indie,Tom Walker,Just You and I,80,0.456,0.567,174983,0.696,0,0.113,-5.416,1,0.301,92.061,0.544
indie,Rex Orange County,Television / So Far So Good,72,0.592,0.405,262600,0.505,0,0.121,-7.75,1,0.0458,164.971,0.318
indie,Young the Giant,Cough Syrup,71,0.0343,0.534,249520,0.721,6.24E-06,0.115,-7.307,0,0.0417,128.978,0.225
indie,ayokay,Stay With Me,74,0.489,0.695,189787,0.695,0.00019,0.131,-6.612,1,0.0706,100.021,0.468
indie,Ruel,Dazed & Confused,77,0.102,0.688,189608,0.5,0,0.355,-7.411,1,0.138,127.906,0.418
indie,Houndmouth,Sedona,69,0.0372,0.396,239880,0.677,0.000137,0.112,-7.513,1,0.0354,135.177,0.249
indie,AWOLNATION,Sail,74,0.452,0.825,259102,0.435,0.609,0.0953,-9.582,1,0.0568,119.038,0.243
indie,MGMT,Kids,77,0.00076,0.451,302840,0.931,0.0049,0.361,-3.871,1,0.0719,122.961,0.172
indie,Amber Run,I Found,72,0.862,0.389,273000,0.302,0.00567,0.104,-12.485,0,0.0438,124.956,0.234
indie,Vance Joy,Mess Is Mine,71,0.047,0.595,223640,0.723,0.0286,0.0995,-8.256,1,0.0349,108.043,0.272
indie,The Killers,Somebody Told Me,71,0.000123,0.5,197160,0.975,0.000379,0.104,-3.176,0,0.0824,138.005,0.767
indie,Hippo Campus,Bambi,66,0.0661,0.739,194400,0.471,9.78E-05,0.116,-8.456,1,0.0436,90.002,0.31
indie,Quinn XCII,Always Been You,70,0.334,0.731,235720,0.588,0,0.278,-5.217,1,0.0749,80.019,0.449
indie,The Killers,When You Were Young,75,0.000152,0.467,220427,0.988,0.0484,0.28,-3.313,1,0.112,130.435,0.321
indie,Bon Iver,Skinny Love,71,0.844,0.593,238520,0.263,5.36E-06,0.127,-14.029,0,0.0567,76.379,0.109
indie,MKTO,Classic,78,0.0384,0.72,175427,0.791,0,0.157,-4.689,1,0.124,102.071,0.756
indie,The Temper Trap,Sweet Disposition,66,0.0701,0.531,230800,0.821,0.171,0.124,-6.812,1,0.0439,129.139,0.34
indie,The Shins,New Slang,72,0.605,0.669,231173,0.389,0.16,0.0905,-11.547,1,0.0306,130.015,0.649
indie,Mark Diamond,You're My Girl (Lost Recording #6),73,0.928,0.45,195758,0.189,0.000843,0.104,-11.423,1,0.0519,66.945,0.227
indie,FRENSHIP,Capsize,76,0.0398,0.683,237707,0.708,0.155,0.686,-6.244,0,0.0305,92.991,0.355
indie,Sasha Sloan,Faking It,66,0.32,0.647,167353,0.371,0,0.205,-8.645,0,0.0575,81.094,0.243
indie,Absofacto,Dissolve,70,0.23,0.688,224661,0.582,0.000157,0.0663,-10.668,0,0.0542,85.486,0.872
indie,Vampire Weekend,A-Punk,68,0.0104,0.548,137760,0.816,0.0543,0.152,-4.478,1,0.0499,174.993,0.857
indie,Dermot Kennedy,Lost,73,0.243,0.578,224306,0.731,0,0.112,-5.966,0,0.0922,139.442,0.501
indie,Lost Kings,Don't Kill My High,74,0.0363,0.674,180333,0.932,0,0.0576,-4.876,1,0.0718,144.039,0.826
indie,Loote,Your Side Of The Bed,73,0.0649,0.781,197147,0.742,0,0.293,-4.978,1,0.0296,109.915,0.91
indie,WALK THE MOON,Timebomb,73,0.000276,0.583,218589,0.778,0,0.621,-4.766,1,0.0403,122.053,0.446
indie,Banes World,You Say I'm in Love,69,0.427,0.623,176761,0.285,0.00278,0.189,-16.687,0,0.0538,140.028,0.343
indie,Summer Walker,Session 32,71,0.894,0.574,98027,0.123,0.00111,0.118,-13.959,1,0.196,115.431,0.117
indie,Mac Ayres,Easy,73,0.373,0.722,314358,0.282,0.00557,0.147,-7.484,1,0.106,91.367,0.217
indie,Cage The Elephant,Trouble,72,0.392,0.47,225973,0.623,0.000453,0.0992,-5.655,1,0.0302,77.861,0.298
indie,Maisie Peters,Worst of You,75,0.558,0.741,197369,0.466,0,0.0583,-7.258,1,0.0357,102.058,0.351
indie,Still Woozy,Goodie Bag,74,0.82,0.701,146390,0.529,0.00113,0.249,-12.242,0,0.147,138.216,0.577
indie,Arctic Monkeys,R U Mine?,79,0.00616,0.288,201726,0.758,0,0.303,-5.692,0,0.0371,97.094,0.619
indie,Bon Iver,Holocene,71,0.943,0.375,336613,0.304,0.303,0.126,-14.52,1,0.0302,147.989,0.147
indie,Flume,Never Be Like You (feat. Kai),70,0.453,0.444,234910,0.557,0,0.152,-5.476,1,0.0602,115.058,0.296
indie,Mike Stud,These Days,73,0.533,0.815,268566,0.364,3.52E-05,0.108,-11.158,1,0.375,129.937,0.328
indie,EDEN,XO,71,0.625,0.611,159512,0.39,0,0.118,-5.861,0,0.116,163.897,0.617
indie,Arctic Monkeys,Why'd You Only Call Me When You're High?,78,0.0483,0.691,161124,0.631,1.13E-05,0.104,-6.478,1,0.0368,92.004,0.8
indie,Foreign Air,Free Animal,70,0.0856,0.579,180400,0.584,0,0.0958,-7.151,0,0.0438,80.001,0.393
indie,Ansel Elgort,Thief,75,0.0239,0.665,220680,0.75,0,0.111,-3.769,0,0.0633,89.996,0.365
indie,Ruth B.,Superficial Love,72,0.928,0.477,207973,0.242,0,0.0818,-9.162,1,0.0529,43.509,0.488
indie,Beach House,Space Song,67,0.218,0.509,320467,0.79,0.125,0.144,-7.105,0,0.0293,147.073,0.625
indie,Freya Ridings,Lost Without You,74,0.928,0.409,225076,0.137,0,0.0706,-9.169,1,0.0446,162.08,0.106
indie,Hippo Campus,Buttercup,65,0.199,0.623,226610,0.763,6.52E-06,0.126,-4.412,1,0.0719,108.871,0.199
indie,G-Eazy,Some Kind Of Drug,71,0.0705,0.586,222467,0.525,0,0.0729,-8.968,1,0.498,126.51,0.491
indie,Matt and Kim,Daylight,67,0.0976,0.363,171333,0.802,0.000356,0.167,-4.881,1,0.0394,101.31,0.65
indie,Two Feet,I Feel Like I'm Drowning,75,0.708,0.717,185520,0.577,0.00428,0.0899,-5.436,1,0.0491,104.927,0.235
indie,Mac DeMarco,My Kind of Woman,69,0.00294,0.501,190846,0.765,0.49,0.184,-7.063,0,0.0281,91.769,0.46
indie,James TW,When You Love Someone,81,0.248,0.675,216373,0.444,0,0.0531,-6.067,1,0.028,125.884,0.356
indie,Radiohead,Creep,82,0.0102,0.515,238640,0.43,0.000141,0.129,-9.935,1,0.0369,91.841,0.104
indie,Cold War Kids,First,68,0.0243,0.464,200360,0.713,6.24E-06,0.566,-4.046,1,0.0305,78.008,0.537
indie,Kiiara,Gold,72,0.615,0.6,225882,0.412,0.0025,0.134,-9.343,1,0.344,113.049,0.408
indie,Wild Party,OutRight,68,0.00092,0.54,162453,0.825,0,0.0488,-4.935,1,0.0563,148.059,0.608
indie,Berhana,Grey Luh,70,0.597,0.543,261103,0.298,1.49E-06,0.0804,-9.167,1,0.0683,125.523,0.254
indie,The Head and the Heart,Lost in My Mind,67,0.451,0.375,259120,0.546,0.000312,0.278,-8.16,1,0.0294,95.361,0.37
indie,Anna Clendening,Boys Like You - Acoustic,71,0.928,0.477,238576,0.128,0,0.0875,-14.567,1,0.0707,88.917,0.38
indie,FINNEAS,Let's Fall in Love for the Night,68,0.802,0.737,190348,0.408,0,0.171,-7.941,1,0.104,127.921,0.374
indie,Chelsea Cutler,Your Shirt,70,0.185,0.426,232759,0.476,0,0.327,-6.64,1,0.0741,179.793,0.169
indie,Bright Eyes,First Day Of My Life,71,0.915,0.468,188800,0.201,8.28E-05,0.0952,-17.024,1,0.0388,94.422,0.383
indie,Lost Kings,When We Were Young,74,0.00871,0.547,193911,0.789,0,0.1,-5.619,1,0.042,129.916,0.345
indie,Blanco White,Olalla,74,0.662,0.572,247373,0.409,0.296,0.125,-11.384,1,0.0377,129.983,0.351
indie,Halsey,Without Me - ILLENIUM Remix,73,0.483,0.639,248906,0.71,2.22E-06,0.219,-3.358,1,0.0479,136.004,0.373
indie,Jet,Are You Gonna Be My Girl,77,0.00148,0.613,213800,0.953,0.000582,0.152,-3.435,1,0.0855,105.046,0.537
indie,Goody Grace,Two Shots (feat. gnash),67,0.0542,0.768,179915,0.408,0,0.106,-8.551,0,0.0714,129.96,0.0905
indie,James TW,You & Me,80,0.196,0.714,231653,0.683,7.73E-06,0.102,-6.333,1,0.0443,127.021,0.824
indie,Tate McRae,One Day,70,0.921,0.496,202496,0.116,0,0.0883,-12.147,1,0.0401,109.826,0.362
indie,Goody Grace,Too High (feat. Jesse),68,0.364,0.671,138187,0.589,0,0.1,-7.611,1,0.0503,91.439,0.385
indie,Quinn XCII,Life Must Go On,67,0.126,0.715,185587,0.551,0,0.314,-6.486,1,0.0961,90.924,0.528
indie,Charlotte Lawrence,Sleep Talking,73,0.452,0.661,224224,0.762,0,0.162,-4.307,1,0.0402,101.99,0.583
indie,boy pablo,Feeling Lonely,69,0.014,0.635,197947,0.537,3.72E-05,0.103,-10.45,0,0.0536,117.942,0.885
indie,Quinn XCII,Holding Hands (feat. Elohim),67,0.452,0.67,225493,0.451,3.04E-05,0.119,-9.59,1,0.113,155.98,0.398
indie,Arctic Monkeys,Fluorescent Adolescent,67,0.00178,0.646,173493,0.813,2.26E-05,0.144,-5.29,0,0.0288,112.115,0.821
indie,Kina Grannis,Can’t Help Falling in Love,77,0.905,0.266,201933,0.0596,7.07E-05,0.132,-18.515,1,0.0363,181.74,0.143
indie,Cage The Elephant,Come a Little Closer,67,0.0265,0.44,229347,0.777,1.01E-06,0.151,-1.786,0,0.0327,148.027,0.306
indie,The Lumineers,Stubborn Love,66,0.607,0.598,279000,0.56,0.0432,0.196,-11.679,1,0.0375,115.01,0.221
indie,Charli XCX,1999,83,0.0227,0.739,189000,0.742,1.39E-06,0.229,-4.586,1,0.0329,124.016,0.659
indie,Bryce Vine,La La Land (feat. YG),69,0.223,0.781,177118,0.469,0,0.19,-5.107,0,0.0569,98.013,0.412
indie,Lucky Daye,Roll Some Mo,70,0.258,0.405,292885,0.508,0.0479,0.142,-9.028,1,0.0596,74.701,0.371
indie,SYML,Where's My Love,72,0.853,0.598,202107,0.343,0.0219,0.123,-11.04,0,0.025,103.984,0.419
indie,Band of Horses,The Funeral,72,0.0142,0.316,321147,0.769,0,0.0928,-5.283,0,0.0422,122.507,0.127
indie,Shakey Graves,Tomorrow,69,0.73,0.564,240587,0.354,3.43E-06,0.208,-10.85,1,0.0334,98.075,0.423
indie,Franz Ferdinand,Take Me Out,76,0.000423,0.278,237027,0.676,0.000899,0.136,-8.821,1,0.0371,104.545,0.494
indie,Dermot Kennedy,A closeness,70,0.766,0.47,251173,0.451,0.000232,0.108,-9.369,1,0.0412,77.109,0.501
indie,Rex Orange County,Untitled,70,0.905,0.567,135707,0.199,0,0.131,-9.601,1,0.101,83.827,0.329
indie,Angus & Julia Stone,Big Jet Plane,66,0.239,0.763,239147,0.387,0.00747,0.13,-8.643,0,0.0278,109.957,0.273
indie,Jakob Ogawa,Let It Pass,70,0.0803,0.586,126698,0.614,1.94E-05,0.152,-7.275,1,0.0307,88.222,0.301
indie,COIN,Talk Too Much,67,0.0106,0.598,187813,0.914,1.22E-06,0.369,-3.752,1,0.0878,103.972,0.531
indie,Bea Miller,it's not u it's me,73,0.0204,0.776,194526,0.568,1.69E-05,0.078,-6.419,0,0.125,150.901,0.749
indie,The Band CAMINO,14-Feb,68,0.377,0.607,163690,0.708,0,0.294,-7.428,1,0.0539,97.005,0.551
indie,Two Door Cinema Club,What You Know,66,0.000715,0.561,191707,0.741,1.40E-05,0.0822,-4.239,0,0.0419,139.001,0.776
indie,Yoke Lore,Beige,68,0.381,0.438,204209,0.677,0.0686,0.119,-7.535,1,0.135,167.989,0.214
indie,Olivia O'Brien,RIP (feat. G-Eazy & Drew Love),73,0.422,0.728,200773,0.646,0,0.0899,-4.387,0,0.0463,103.983,0.46
indie,Ella Vos,Temporary,69,0.0348,0.715,151665,0.363,0,0.0637,-8.265,1,0.0433,87.017,0.347
indie,Lord Huron,The Night We Met (feat. Phoebe Bridgers),74,0.962,0.424,208173,0.437,0.336,0.664,-8.588,1,0.0355,174.127,0.131
indie,Local Natives,Dark Days,65,0.109,0.604,180413,0.655,0.0019,0.125,-7.088,1,0.0273,115.038,0.59
indie,Rex Orange County,Happiness,70,0.734,0.399,279693,0.235,1.56E-06,0.161,-9.774,1,0.0334,105.645,0.197
indie,Still Woozy,Habit,71,0.27,0.766,153857,0.402,0.0007,0.106,-11.155,1,0.107,125.107,0.466
indie,Quinn XCII,Another Day in Paradise,66,0.161,0.652,255000,0.802,0,0.143,-5.308,1,0.0669,167.952,0.559
indie,Yoke Lore,Truly Madly Deeply - Recorded at Spotify Studios NYC,69,0.826,0.675,190393,0.368,0.0016,0.136,-14.072,0,0.0374,106.001,0.176
indie,Hoodie Allen,Surprise Party (feat. Blackbear),68,0.00453,0.671,188040,0.699,0.000277,0.173,-4.224,0,0.0647,72.946,0.379
indie,Matt Maeson,Hallucinogenics,66,0.472,0.608,185133,0.601,0,0.242,-8.44,1,0.0507,121.656,0.316
indie,Moon Taxi,Two High,69,0.0505,0.68,213120,0.735,0.00132,0.109,-5.553,0,0.0482,106.994,0.523
indie,Mallrat,Groceries,67,0.131,0.686,217285,0.539,1.94E-05,0.116,-8.623,1,0.0349,115.987,0.186
indie,Rex Orange County,Edition,69,0.807,0.86,115000,0.332,0,0.106,-10.263,1,0.22,140.949,0.26
indie,Matt Maeson,Cringe - Stripped,69,0.896,0.539,219151,0.263,0,0.104,-11.149,1,0.0552,119.671,0.222
indie,Gus Dapperton,"Prune, You Talk Funny",66,0.0177,0.57,212701,0.75,0.00247,0.197,-7.193,0,0.0383,140.063,0.578
indie,EDEN,drugs,69,0.601,0.484,338333,0.444,0,0.238,-6.935,0,0.0636,144.208,0.226
indie,The Kooks,Naive,64,0.0688,0.547,203507,0.816,0,0.127,-6.165,0,0.0624,102.765,0.722
indie,Fitz and The Tantrums,Out Of My League,64,0.0387,0.545,209386,0.968,0.00325,0.331,-3.553,0,0.0853,169.965,0.527
indie,Grouplove,Ways To Go,66,0.00338,0.577,215520,0.827,0.000647,0.26,-7.54,1,0.0365,101.031,0.179
indie,The Head and the Heart,All We Ever Knew,67,0.00224,0.487,225560,0.724,1.03E-05,0.213,-5.905,1,0.0289,102.03,0.546
indie,Capital Cities,Safe And Sound,77,0.000194,0.656,192790,0.821,0.00232,0.101,-4.838,1,0.0325,117.948,0.791
indie,The Glorious Sons,S.O.S. (Sawed Off Shotgun),65,0.00428,0.568,195173,0.961,0,0.138,-2.182,1,0.065,148.126,0.924
indie,Passion Pit,Take a Walk,68,0.0338,0.566,264493,0.755,0,0.315,-5.526,1,0.0368,101.006,0.445
indie,gianni & kyle,pop a pill,69,0.184,0.688,180808,0.551,0,0.159,-6.299,0,0.229,162.118,0.558
indie,gianni & kyle,fuckboi,68,0.143,0.785,192854,0.528,0,0.0442,-7.744,1,0.0551,112.061,0.256
indie,COIN,I Want It All,67,0.0155,0.269,171773,0.911,0.0179,0.0853,-4.503,1,0.245,169.396,0.681
indie,Hippo Campus,Way It Goes,63,0.021,0.542,245456,0.906,0.00043,0.377,-4.213,1,0.0491,120.014,0.515
indie,LP,Lost on You,77,0.1,0.433,268105,0.724,0,0.0918,-6.126,0,0.0372,174.006,0.689
indie,The Lumineers,Cleopatra,65,0.228,0.536,201413,0.775,0.000143,0.0947,-6.765,1,0.0394,151.393,0.485
indie,Jack Stauber,Buttercup,65,0.723,0.705,208026,0.373,0.81,0.289,-9.066,1,0.0384,120.046,0.551
indie,The Black Keys,Howlin' For You,70,0.028,0.705,191800,0.735,0.0783,0.112,-6.646,1,0.0931,132.627,0.448
indie,alt-J,Left Hand Free,64,0.462,0.697,173631,0.877,0.00943,0.083,-4.465,1,0.0462,101.99,0.802
indie,Xavier Omär,Blind Man,70,0.453,0.89,242196,0.523,1.58E-06,0.0831,-8.526,1,0.056,111.031,0.345
indie,Her's,Cool with You,66,0.0124,0.533,375656,0.613,0.000684,0.299,-6.773,1,0.0495,106.946,0.554
indie,Smallpools,Million Bucks,65,0.00602,0.608,239893,0.865,0,0.127,-3.961,0,0.0451,100.026,0.568
indie,Olivia O'Brien,Tequilawine,72,0.505,0.705,206120,0.595,0,0.0813,-7.489,0,0.313,140.06,0.326
indie,Witt Lowry,HURT,68,0.317,0.692,260769,0.729,0,0.293,-8.261,1,0.418,129.896,0.327
indie,Tate McRae,Teenage Mind,69,0.75,0.671,155205,0.337,1.38E-06,0.11,-9.762,0,0.0605,119.716,0.12
indie,Wet,11 Hours - Branchez Remix,67,0.626,0.687,156213,0.352,0.000151,0.133,-8.229,1,0.0759,122.955,0.155
indie,Sam Tinnesz,Play With Fire (feat. Yacht Money),69,0.0162,0.573,180691,0.539,1.16E-05,0.105,-6.091,0,0.0322,75.012,0.39
indie,Louis The Child,Slow Down Love (feat. Chelsea Cutler),66,0.559,0.618,157891,0.59,3.42E-05,0.208,-7.751,0,0.359,127.275,0.285
indie,Halsey,Colors,72,0.0534,0.512,249500,0.812,0,0.092,-4.809,1,0.0617,100.02,0.521
indie,gianni & kyle,5 shots,68,0.135,0.919,181710,0.45,0,0.0577,-5.737,1,0.0688,91.976,0.448
indie,MGMT,Time to Pretend,72,8.74E-05,0.438,261000,0.94,0.0777,0.3,-3.249,1,0.0452,100.99,0.421
indie,BANNERS,Someone To You,68,0.00545,0.517,219800,0.922,0,0.223,-3.652,1,0.0432,74.931,0.667
indie,Rainbow Kitten Surprise,Cocaine Jesus,66,0.16,0.822,229667,0.362,0,0.313,-7.462,1,0.0411,119.903,0.159
indie,for KING & COUNTRY,God Only Knows,71,0.395,0.597,229760,0.417,8.35E-06,0.128,-7.952,1,0.0502,143.839,0.263
indie,Saint Motel,My Type,66,0.0641,0.596,206394,0.897,5.24E-05,0.0628,-2.94,1,0.0462,118,0.578
indie,José González,Heartbeats,65,0.977,0.589,161680,0.177,0.714,0.0958,-14.891,1,0.0325,88.409,0.311
indie,Rex Orange County,A Song About Being Sad,69,0.891,0.568,136000,0.263,0,0.183,-13.51,1,0.101,111.86,0.244
indie,Mac DeMarco,Still Beating,67,0.581,0.709,181587,0.496,0.195,0.151,-10.528,0,0.0417,78.477,0.469
indie,Neon Trees,Everybody Talks,69,0.00584,0.478,177280,0.915,0,0.386,-3.858,1,0.0652,154.955,0.703
indie,Gus Dapperton,I'm Just Snacking,66,0.135,0.615,198117,0.475,4.10E-06,0.235,-7.351,0,0.029,127.982,0.378
indie,Harrison Storm,Sense of Home,69,0.892,0.565,265840,0.207,1.80E-06,0.102,-10.926,1,0.032,140.068,0.0904
indie,The Marías,Only in My Dreams,66,0.405,0.519,170893,0.498,0.0965,0.0999,-11.604,1,0.0295,143.931,0.275
indie,boy pablo,"Dance, Baby!",67,0.0367,0.602,198000,0.601,0.00459,0.312,-8.521,1,0.0411,122.013,0.858
indie,Chelsea Cutler,The Reason,70,0.0996,0.404,184693,0.598,3.29E-05,0.303,-8.513,1,0.167,89.949,0.348
indie,Quinn XCII,Autopilot,66,0.194,0.811,181520,0.621,0,0.128,-6.957,1,0.0916,94.992,0.899
indie,HUNNY,Vowels (and the Importance of Being Me),66,0.00154,0.484,184436,0.875,9.64E-05,0.169,-5.237,1,0.0541,150.021,0.724
indie,Bad Suns,Daft Pretty Boys,64,0.0623,0.662,187013,0.837,0,0.0931,-5.015,1,0.0582,136.998,0.613
indie,Rainbow Kitten Surprise,Devil Like Me,67,0.758,0.679,188280,0.63,7.06E-05,0.111,-6.83,1,0.158,123.082,0.558
indie,Passion Pit,Sleepyhead,66,0.0892,0.568,174760,0.719,1.84E-06,0.233,-5.406,1,0.0354,106.036,0.539
indie,Grizzly Bear,Two Weeks,70,0.289,0.537,243160,0.712,0.00568,0.08,-5.597,1,0.0286,159.871,0.704
indie,Angus & Julia Stone,Stay With Me - Live From Spotify Berlin,72,0.848,0.615,174360,0.0987,0.0258,0.708,-22.378,1,0.0424,75.898,0.164
indie,Flume,Say It (feat. Tove Lo),67,0.0668,0.598,262521,0.532,3.22E-06,0.0617,-6.833,0,0.0295,74.963,0.261
indie,Summer Salt,Candy Wrappers,65,0.696,0.692,194418,0.546,0.415,0.302,-7.33,1,0.0262,95.042,0.483
indie,khai dreams,Lost in You,68,0.334,0.771,101000,0.607,0,0.122,-12.02,0,0.113,90.035,0.79
indie,Sabrina Claudio,Belong to You (feat. 6LACK),70,0.274,0.605,185617,0.553,0.0152,0.184,-10.845,0,0.101,152.076,0.62
indie,Bad Suns,Cardiac Arrest,63,0.0521,0.616,182518,0.88,0.000717,0.0539,-3.59,1,0.042,94.011,0.751
indie,Elohim,Sleepy Eyes,68,0.051,0.608,202887,0.736,0,0.215,-6.7,1,0.165,97.038,0.489
indie,Whethan,Good Nights (feat. Mascolo),67,0.443,0.849,165618,0.483,0.000141,0.0786,-7.114,0,0.291,101.015,0.282
indie,The xx,Intro,66,0.459,0.617,127920,0.778,0.925,0.128,-8.871,0,0.027,100.363,0.152
indie,Peter Manos,You Don't Know Me,69,0.6,0.742,172307,0.362,2.47E-05,0.212,-11.661,1,0.196,123.986,0.331
indie,The Japanese House,Saw You In A Dream,62,0.0729,0.605,208280,0.446,0,0.149,-8.244,1,0.028,94.044,0.685
indie,Peter Bjorn and John,Young Folks,65,0.0172,0.701,279027,0.815,0.000627,0.0969,-5.995,1,0.038,138.142,0.67
indie,Quinn XCII,Panama,67,0.57,0.73,247293,0.494,0,0.158,-6.402,1,0.0565,86.732,0.561
indie,Lost Kings,Anti-Everything,70,0.28,0.734,183853,0.663,0,0.12,-7.292,1,0.185,101.943,0.256
indie,Teyana Taylor,Gonna Love Me,74,0.402,0.514,166998,0.506,2.56E-05,0.191,-7.095,0,0.28,88.044,0.312
indie,MKTO,How Can I Forget,75,0.69,0.796,177141,0.53,0,0.0646,-5.967,1,0.0558,105.031,0.754
indie,Alvvays,Dreams Tonite,65,0.0108,0.511,196027,0.622,4.51E-06,0.127,-5.727,1,0.0242,99.934,0.425
indie,Tyler Childers,Nose On The Grindstone,64,0.761,0.488,204000,0.281,0,0.13,-11.043,1,0.0555,150.028,0.402
indie,The Postal Service,Such Great Heights - Remastered,66,0.0439,0.651,266507,0.816,0.186,0.065,-7.149,1,0.0507,174.978,0.201
indie,Fleet Foxes,"If You Need To, Keep Time On Me",69,0.647,0.521,210507,0.22,0.00814,0.179,-10.202,1,0.0314,104.03,0.135
indie,Colter Wall,Sleeping on the Blacktop,65,0.822,0.567,192480,0.311,0.23,0.11,-14.464,0,0.0455,83.11,0.478
indie,Lord Huron,Ends of the Earth,67,0.267,0.55,284147,0.579,0.0289,0.358,-8.622,1,0.0297,120.991,0.432
indie,FLETCHER,I Believe You,67,0.219,0.46,192993,0.498,0.00329,0.099,-6.312,1,0.0282,76.902,0.154
indie,Vance Joy,Fire and the Flood,68,0.0242,0.596,249382,0.827,0,0.0958,-4.402,1,0.0372,115.034,0.329
indie,girl in red,we fell in love in october,67,0.113,0.566,184154,0.366,0.181,0.155,-12.808,1,0.028,129.959,0.237
indie,Saint Motel,Cold Cold Man,65,0.00652,0.613,230773,0.661,0,0.0976,-4.984,1,0.0263,110.978,0.509
indie,Tom Walker,Leave a Light On,81,0.0153,0.586,185863,0.624,1.78E-06,0.133,-5.946,1,0.113,68.976,0.267
indie,Phoebe Ryan,Middle Finger,69,0.141,0.704,241893,0.664,0,0.107,-3.209,0,0.0468,99.963,0.533
indie,Neon Trees,Animal,66,0.000392,0.486,212293,0.831,0,0.363,-5.5,1,0.0506,148.026,0.8
indie,Mitski,Nobody,67,0.0764,0.398,193429,0.716,0,0.0848,-5.254,1,0.0392,117.295,0.494
indie,Mac DeMarco,Salad Days,67,0.0876,0.43,145893,0.771,0.0239,0.121,-7.176,1,0.0375,201.001,0.772
indie,Aquilo,Sorry,67,0.682,0.452,255205,0.298,0,0.128,-11.292,1,0.0444,77.491,0.158
indie,Doja Cat,Tia Tamera (feat. Rico Nasty),68,0.017,0.814,212813,0.675,0,0.182,-4.594,1,0.0931,119.867,0.407
indie,G-Eazy,Drop,69,0.0066,0.858,210545,0.65,2.07E-06,0.121,-4.919,1,0.241,147.031,0.653
indie,James TW,Say Love,78,0.118,0.752,219440,0.449,1.29E-06,0.354,-7.541,1,0.0594,84.029,0.549
indie,Of Monsters and Men,Little Talks,66,0.0215,0.46,266600,0.786,0,0.133,-5.238,1,0.038,103.192,0.408
indie,Peach Pit,Peach Pit,66,0.00322,0.515,287080,0.804,0.00229,0.149,-5.345,0,0.0398,123.969,0.298
indie,Noah Kahan,Hurt Somebody,67,0.338,0.633,168640,0.559,0,0.262,-5.135,1,0.313,114.983,0.473
indie,James Blake,Barefoot In The Park (feat. ROSALÍA),71,0.832,0.558,211200,0.632,0.105,0.198,-8.339,0,0.284,161.764,0.519
indie,Cash Cash,Finest Hour (feat. Abir),73,0.0789,0.656,215781,0.729,0,0.133,-4.223,0,0.0765,95.974,0.438
indie,The Killers,All These Things That I've Done,66,0.00192,0.558,301573,0.74,8.97E-06,0.129,-6.22,1,0.0448,118.293,0.217
indie,Carlie Hanson,Only One,69,0.257,0.497,190732,0.486,0,0.0908,-5.89,1,0.241,93.955,0.668
indie,Quinn XCII,FFYL,64,0.226,0.722,226500,0.762,7.10E-06,0.117,-4.76,0,0.053,120.038,0.591
indie,Olivia O'Brien,Complicated,75,0.694,0.657,189000,0.355,0.000427,0.123,-12.044,1,0.0714,74.99,0.0808
indie,Sir Sly,High,66,0.00535,0.749,231897,0.733,0.00303,0.0668,-5.606,1,0.0375,122.977,0.722
indie,Quinn XCII,Full Circle,66,0.202,0.751,217836,0.547,0,0.102,-7.898,1,0.138,78.007,0.481
indie,James Blake,I'll Come Too,68,0.757,0.661,222400,0.472,0.00275,0.192,-7.889,1,0.164,73.986,0.206
indie,Halsey,Alone (Feat. Big Sean & Stefflon Don),69,0.0164,0.445,207458,0.662,0,0.219,-4.802,0,0.181,200.04,0.479
indie,Father John Misty,Real Love Baby,66,0.0955,0.417,189293,0.687,0.0278,0.0989,-6.484,1,0.0372,204.11,0.627
indie,flor,back again,65,0.118,0.636,201398,0.597,0.00283,0.124,-6.884,0,0.0279,84.979,0.639
indie,BØRNS,"10,000 Emerald Pools",66,0.00694,0.568,174693,0.578,0.000353,0.099,-5.589,1,0.0404,139.951,0.555
indie,Louis The Child,It's Strange (feat. K.Flay),65,0.371,0.837,245581,0.492,0.0401,0.102,-7.792,1,0.354,85.951,0.417
indie,Hayley Kiyoko,What I Need (feat. Kehlani),71,0.0537,0.633,219520,0.793,0,0.16,-4.126,1,0.055,103.97,0.414
indie,Halsey,Control,70,0.399,0.549,214762,0.675,0,0.181,-5.637,0,0.0332,119.898,0.206
indie,Tyler Childers,Whitehouse Road,63,0.114,0.607,280787,0.739,0.000234,0.192,-5.503,1,0.0274,84.467,0.875
indie,The Strokes,Last Nite,70,0.0223,0.624,193373,0.899,0.000155,0.0975,-5.71,1,0.0295,104.055,0.797
indie,Tatiana Manaois,Helplessly,69,0.925,0.51,185480,0.185,0,0.122,-13.651,1,0.0644,79.092,0.418
indie,G-Eazy,Let's Get Lost,67,0.103,0.671,240680,0.672,3.98E-05,0.074,-9.188,0,0.12,117.96,0.186
indie,EDEN,sex,67,0.162,0.413,218808,0.521,0,0.323,-4.469,1,0.0466,103.391,0.532
indie,dvsn,Think About Me,68,0.0607,0.547,246240,0.294,0.786,0.0933,-10.202,1,0.0482,105.027,0.11
indie,Jack Stauber,Oh Klahoma,64,0.43,0.697,185224,0.401,0.0109,0.316,-10.216,1,0.0543,108.996,0.478
indie,Quinn XCII,Werewolf (feat. Yoshi Flower),65,0.0403,0.694,191893,0.557,0,0.0832,-6.686,1,0.396,161.887,0.684
indie,Charlotte Lawrence,Just The Same,68,0.38,0.736,211304,0.593,0,0.204,-4.677,1,0.04,92.068,0.607
indie,Olivia O'Brien,Fuck Feelings,70,0.251,0.817,180693,0.36,0,0.195,-6.45,0,0.0433,105.017,0.514
indie,Caesars,Jerk It Out,62,0.0171,0.58,195667,0.981,1.07E-05,0.386,-2.603,0,0.06,134.007,0.861
indie,DREAMERS,SCREWS,66,0.000332,0.519,200147,0.86,2.24E-06,0.069,-3.846,1,0.0338,95.01,0.543
indie,Noah Kahan,False Confidence,73,0.199,0.417,222533,0.673,0,0.128,-7.719,1,0.0497,108.994,0.314
indie,Mallrat,Nobody's Home,66,0.663,0.623,216803,0.643,0.000101,0.103,-5.478,1,0.046,111.01,0.535
indie,Vance Joy,Like Gold,68,0.224,0.477,224400,0.712,8.36E-06,0.118,-6.759,1,0.0653,109.965,0.407
indie,Rainbow Kitten Surprise,It's Called: Freefall,65,0.632,0.744,152293,0.516,0,0.605,-6.365,1,0.0513,97.944,0.281
indie,bülow,Two Punks In Love,71,0.881,0.498,195347,0.418,0,0.113,-6.294,1,0.0539,190.078,0.796
indie,Sonder,Too Fast,68,0.316,0.395,308006,0.33,1.89E-05,0.268,-10.924,0,0.0408,98.813,0.102
indie,khai dreams,Through and Through,67,0.383,0.852,113684,0.424,0,0.0843,-9.308,1,0.0463,94.934,0.591
indie,bülow,Not A Love Song,67,0.138,0.74,192293,0.533,4.99E-05,0.127,-10.294,1,0.0824,92.005,0.313
indie,Omar LinX,Keep It Mello (feat. Omar LinX),72,0.00134,0.686,243380,0.888,0.000689,0.0736,-3.348,1,0.0857,142.015,0.108
indie,Blind Pilot,3 Rounds and a Sound,68,0.843,0.381,266960,0.288,0.00226,0.12,-12.323,1,0.0337,59.343,0.198
indie,Halsey,Castle,70,0.25,0.626,277623,0.571,0,0.0946,-7.461,0,0.0327,129.959,0.164
indie,Catfish and the Bottlemen,Longshot,77,0.00381,0.481,232960,0.765,0.000737,0.119,-4.025,1,0.0388,102.829,0.465
indie,Sasha Sloan,The Only,62,0.743,0.684,213959,0.259,0,0.137,-11.004,0,0.0493,138.008,0.0517
indie,Hollow Coves,Coastline,71,0.63,0.67,233973,0.496,0.00316,0.0584,-11.23,1,0.0277,100.168,0.427
indie,Alextbh,Stoop So Low,65,0.669,0.46,197938,0.398,0,0.109,-9.074,0,0.0421,95.852,0.335
indie,Halsey,Walls Could Talk,69,0.128,0.626,101790,0.423,0,0.18,-6.035,1,0.0513,95.162,0.571
indie,Sheppard,Geronimo,63,0.477,0.712,218228,0.763,0.00118,0.114,-6.254,1,0.0867,142.031,0.503
indie,AJ Mitchell,Used to Be,73,0.723,0.471,174793,0.474,0,0.0964,-6.355,1,0.0382,120.656,0.262
indie,Mahalia,I Wish I Missed My Ex,70,0.319,0.68,205263,0.62,1.14E-06,0.158,-5.117,1,0.0607,95.078,0.537
indie,Fleet Foxes,White Winter Hymnal,64,0.437,0.629,147027,0.534,3.33E-06,0.328,-9.054,0,0.0267,124.964,0.649
indie,Dermot Kennedy,For Island Fires and Family,69,0.893,0.474,285645,0.217,5.46E-05,0.104,-13.271,1,0.0891,102.274,0.237
indie,Gregory Alan Isakov,Chemicals,71,0.885,0.608,199907,0.238,0.125,0.111,-13.604,1,0.0434,78.013,0.27
indie,Vampire Weekend,Big Blue,62,0.818,0.691,108573,0.306,0.00798,0.0992,-9.65,1,0.0631,149.965,0.413
indie,No Vacation,Yam Yam,65,0.319,0.445,216038,0.591,0.766,0.107,-9.004,0,0.0316,137.864,0.0774
indie,Grizfolk,Bob Marley,67,0.0151,0.562,216067,0.695,0.119,0.122,-4.662,1,0.0332,118.174,0.446
indie,Young the Giant,Silvertongue,66,0.00975,0.673,197427,0.789,0,0.752,-4.288,1,0.0408,100.043,0.841
indie,G-Eazy,Calm Down,69,0.000175,0.537,127427,0.624,2.20E-06,0.116,-8.794,1,0.325,102.315,0.409
indie,The Paper Kites,Arms,68,0.932,0.41,203560,0.141,0.0898,0.118,-18.564,1,0.0337,149.888,0.24
indie,Angus & Julia Stone,Chateau,63,0.658,0.661,273533,0.585,0.876,0.102,-11.255,1,0.0367,129.98,0.606
indie,Ivy Adara,Rebels,73,0.108,0.68,176272,0.629,0,0.0829,-5.673,1,0.0458,103.883,0.138
indie,Justine Skye,Know Myself,72,0.474,0.776,167493,0.5,0.000931,0.169,-7.451,0,0.0579,100.055,0.544
indie,VÉRITÉ,Somebody Else,67,0.201,0.674,233077,0.593,0.000529,0.209,-6.47,0,0.0582,116.995,0.464
indie,Vance Joy,Lay It On Me,67,0.101,0.733,215493,0.663,6.98E-06,0.0694,-5.766,1,0.0322,127.974,0.53
indie,Local Natives,Coins,62,0.0578,0.566,237693,0.576,0,0.0523,-4.859,1,0.0365,138.045,0.607
indie,Coast Modern,Guru,64,0.232,0.76,204467,0.701,0.00295,0.07,-6.393,1,0.042,140.023,0.81
indie,Rex Orange County,Apricot Princess,67,0.244,0.399,238480,0.468,0.000168,0.103,-8.646,1,0.0336,111.884,0.249
indie,Rhys Lewis,No Right To Love You - Acoustic,75,0.866,0.531,229557,0.269,0,0.116,-10.6,1,0.0406,84.186,0.52
indie,Villagers,Nothing Arrived - Live from Spotify London,70,0.929,0.579,219093,0.415,0.0018,0.671,-11.599,1,0.0397,102.713,0.42
indie,Jakob Ogawa,All Your Love,66,0.293,0.568,175241,0.587,0.329,0.137,-8.814,0,0.127,174.682,0.491
indie,Jaymes Young,Habits of My Heart - EP Version,68,0.665,0.392,210639,0.498,0.000118,0.34,-7.63,0,0.117,72.048,0.59
indie,Fleet Foxes,Mykonos,65,0.395,0.3,275307,0.452,0.000818,0.137,-9.298,1,0.0305,82.988,0.342
indie,Lord Huron,When the Night is Over,66,0.0994,0.681,311227,0.419,0.15,0.123,-6.156,0,0.0258,95.981,0.59
indie,The Marías,I Don't Know You,66,0.293,0.884,209450,0.333,0.0205,0.103,-9.753,0,0.0617,118.065,0.587
indie,Foster The People,Worst Nites,68,0.00834,0.741,211920,0.752,0.00165,0.0438,-4.968,1,0.0386,114.02,0.609
indie,The Head and the Heart,Another Story,64,0.546,0.352,274200,0.45,0.127,0.283,-9.881,1,0.0293,86.937,0.114
indie,Omar Apollo,Ugotme,67,0.454,0.782,127273,0.494,6.31E-05,0.134,-1.458,1,0.0339,65.832,0.401
indie,MARINA,How to Be a Heartbreaker,67,0.0142,0.69,221493,0.897,0,0.108,-4.696,0,0.0506,140.05,0.849
indie,Sir Sly,&Run,64,0.0213,0.759,226587,0.651,0.000165,0.18,-8.317,1,0.0565,92.023,0.471
indie,A R I Z O N A,Freaking Out,70,0.121,0.661,199635,0.684,0.00503,0.157,-6.611,1,0.0512,125.06,0.371
indie,girl in red,summer depression,65,0.632,0.691,151693,0.306,0.479,0.108,-15.651,1,0.0544,129.929,0.62
indie,The Lumineers,Angela,63,0.649,0.668,201786,0.563,0.000347,0.11,-8.23,1,0.0305,130.366,0.289
indie,Anna Of The North,Lovers,65,0.479,0.599,215773,0.518,0.00435,0.136,-7.902,1,0.0333,95.031,0.455
indie,Mac DeMarco,Freaking Out the Neighborhood,66,0.0639,0.565,173889,0.832,0.0291,0.386,-5.751,0,0.108,143.302,0.847
indie,Phoebe Bridgers,Motion Sickness,66,0.774,0.652,229760,0.545,0.0428,0.0847,-9.021,1,0.0358,107.019,0.626
indie,Kiana Ledé,EX,71,0.231,0.763,222387,0.537,0,0.109,-7.018,0,0.246,73.51,0.426
indie,Lost Kings,Stuck,71,0.0175,0.768,192595,0.796,1.22E-06,0.0736,-4.89,0,0.0758,104.99,0.564
indie,Cage The Elephant,Cold Cold Cold,69,0.0178,0.549,214387,0.789,6.68E-05,0.059,-6.071,1,0.0313,136.125,0.715
indie,Xuitcasecity,Need Somebody,64,0.252,0.424,188220,0.647,0,0.208,-6.556,1,0.188,89.793,0.262
indie,Beck,Loser,68,0.0341,0.66,235000,0.627,9.64E-05,0.385,-10.397,0,0.124,85.44,0.789
indie,Whethan,When I'm Down,70,0.209,0.827,164681,0.769,9.54E-05,0.091,-4.058,1,0.126,93.986,0.491
indie,Rosie Carney,Thousand (feat. Lisa Hannigan),68,0.943,0.676,206440,0.198,0.0132,0.104,-13.91,1,0.0333,118.004,0.125
indie,Henry Jamison,Real Peach,69,0.398,0.579,233289,0.559,0.000206,0.0817,-7.338,1,0.0325,151.985,0.328
indie,Rex Orange County,4 Seasons,66,0.217,0.505,301773,0.458,0,0.116,-7.87,1,0.0392,123.922,0.17
indie,Barenaked Ladies,One Week,70,0.00854,0.702,169760,0.898,0.000154,0.0917,-6.003,1,0.0373,112.845,0.731
indie,Carly Rae Jepsen,Call Me Maybe,68,0.0123,0.778,193400,0.585,0,0.108,-6.502,1,0.0435,120.069,0.626
indie,Joywave,It's A Trip!,65,0.114,0.679,183525,0.71,0.00322,0.255,-5.009,0,0.0321,97.99,0.685
indie,WALK THE MOON,Anna Sun,65,0.00173,0.472,321280,0.844,0,0.24,-6.578,1,0.054,140.034,0.34
indie,Carly Rae Jepsen,Now That I Found You,71,0.0145,0.611,200318,0.737,0,0.107,-5.154,0,0.0476,124.169,0.574
indie,Ruel,Not Thinkin' Bout You,72,0.267,0.66,188387,0.357,0,0.0857,-8.55,0,0.0594,119.835,0.518
indie,Christian Leave,Can't Help Falling in Love,66,0.983,0.608,135714,0.269,1.96E-06,0.337,-7.201,1,0.0329,126.372,0.389
indie,Max Frost,Adderall,64,0.000672,0.681,218025,0.891,1.07E-06,0.0631,-4.28,1,0.0408,100.008,0.556
indie,Dermot Kennedy,After Rain,68,0.521,0.467,294000,0.412,0.00367,0.107,-9.609,0,0.0318,132.777,0.277
indie,Mt. Joy,Silver Lining,66,0.000921,0.486,199827,0.638,0,0.078,-6.231,1,0.0323,144.458,0.178
indie,Oh Wonder,Drive,68,0.755,0.658,196466,0.447,3.67E-06,0.0828,-8.315,1,0.0987,141.742,0.397
indie,James Blake,Where's The Catch? (feat. André 3000),68,0.649,0.746,276000,0.56,0.000577,0.107,-9.02,0,0.0932,91.988,0.172
indie,BØRNS,American Money,65,0.0226,0.542,260987,0.867,0.00347,0.116,-5.26,0,0.0813,134.984,0.326
indie,Arctic Monkeys,Arabella,74,0.0202,0.579,207357,0.558,1.26E-06,0.212,-6.986,1,0.0895,179.949,0.506
indie,Arcade Fire,Wake Up,68,0.12,0.252,335333,0.8,0.0538,0.118,-4.845,1,0.0368,139.361,0.29
indie,Jaymes Young,I'll Be Good,69,0.715,0.455,248554,0.284,1.47E-06,0.0897,-10.774,1,0.0322,133.936,0.133
indie,Manu Rios,Riptide,69,0.872,0.531,208622,0.273,0,0.143,-14.59,1,0.0412,97.334,0.465
indie,James Blake,Tell Them (feat. Moses Sumney & Metro Boomin),68,0.778,0.58,208400,0.469,6.79E-05,0.099,-8.655,0,0.118,176.019,0.289
indie,Kid Quill,A Song to Sing (feat. Mark Battles & Devvon Terrell),65,0.209,0.745,185487,0.741,0,0.51,-7.212,1,0.184,94.002,0.48
indie,Bea Miller,like that,71,0.181,0.687,185440,0.444,0,0.533,-5.769,0,0.0554,61.97,0.407
indie,DREAMERS,Sweet Disaster,64,0.00877,0.518,205173,0.791,0,0.0769,-2.407,1,0.0316,87.028,0.434
indie,Surfaces,24 / 7 / 365,65,0.26,0.743,177000,0.647,1.61E-06,0.322,-6.194,1,0.0338,141.226,0.9
indie,Chase Atlantic,Friends,67,0.0114,0.422,230011,0.609,4.76E-06,0.108,-6.361,0,0.0335,107.34,0.0911
indie,Mt. Joy,Sheep,65,0.891,0.498,215180,0.502,0.000907,0.0716,-8.052,1,0.0371,81.169,0.286
indie,James Blake,Retrograde,69,0.871,0.289,223600,0.254,0.0745,0.135,-11.218,0,0.0474,77.499,0.185
indie,The Lumineers,Flowers in Your Hair,63,0.749,0.67,109736,0.609,6.74E-05,0.227,-10.088,1,0.0333,127.463,0.573
indie,Vampire Weekend,Step,67,0.591,0.624,251627,0.724,7.79E-06,0.101,-7.113,1,0.101,78.008,0.624
indie,Kid Bloom,Different State of Mind,64,0.715,0.658,225532,0.393,0.209,0.173,-9.96,1,0.0363,141.037,0.74
indie,MisterWives,Reflections,64,0.0255,0.682,186440,0.68,0.0208,0.1,-5.443,1,0.0299,111.035,0.618
indie,Young the Giant,My Body,65,0.0011,0.488,244400,0.909,1.02E-05,0.456,-6.591,1,0.0929,129.774,0.643
indie,Empire of the Sun,Walking On A Dream,71,0.257,0.871,198440,0.701,7.52E-06,0.0589,-5.594,0,0.0458,126.975,0.716
indie,Wrabel,11 Blocks,65,0.0216,0.553,222213,0.711,0,0.142,-4.275,1,0.0378,99.515,0.293
indie,Sabrina Claudio,Confidently Lost,68,0.272,0.666,209885,0.39,9.39E-06,0.111,-8.575,1,0.0838,113.866,0.325
